88.6,-0.0018345,-0.0014965,-0.0010088,-0.00036036,0.00046595,0.0015021,0.0027976,0.0044103,0.0063971,0.0088836,0.012004,0.015891,0.020733,0.026784,0.034374,0.043856,0.055588,0.069878,0.086741,0.10588,0.12665,0.14807,0.16894,0.18778,0.20312,0.21369,0.21878,0.2186,0.2144,0.20829,0.20277,0.20002,0.20144,0.20734,0.21724,0.2303,0.24567,0.26298,0.28249,0.3052,0.33261,0.366,0.40563,0.44983,0.49455,0.53397,0.5619,0.5739,0.5686,0.54818,0.5175,0.48246,0.44825,0.418,0.3926,0.37116,0.35196,0.33331,0.31404,0.29376,0.27268,0.25126,0.23003,0.20943,0.18979,0.17129,0.15407,0.13823,0.12391,0.11125,0.10031,0.091067,0.083432,0.077162,0.071953,0.067472,0.063429,0.059587,0.055793,0.052011,0.048262,0.044595,0.041061,0.037689,0.034484,0.031463,0.028655,0.026111,0.023884,0.022014,0.020532,0.019431,0.018679,0.018222,0.017984,0.017887,0.017855,0.017835,0.017801,0.017743,0.017659,0.017544,0.017399,0.017229,0.017051,0.016889,0.016778,0.016752,0.016831,0.017029,0.017354,0.017809,0.018393,0.019109,0.019976,0.021016,0.022271,0.023791,0.025622,0.027843,0.030621,0.034184,0.038946,0.045511,0.054659,0.067081,0.083304,0.10342,0.12688,0.15236,0.17821,0.20286,0.22527,0.24536,0.26407,0.28283,0.3029,0.3247,0.34768,0.37045,0.39143,0.40941,0.42384,0.43472,0.44226,0.44634,0.44652,0.44236,0.43387,0.42197,0.40846,0.39553,0.38484,0.37682,0.37053,0.36405,0.35539,0.34339,0.32822,0.3113,0.29465,0.28026,0.2694,0.26239,0.25863,0.2569,0.25575,0.25393,0.25065,0.24569,0.23928,0.23183,0.22372,0.21514,0.20612,0.19671,0.1871,0.1777,0.16908,0.16173,0.15594,0.15172,0.14876,0.14661,0.14476,0.14282,0.14053,0.13782,0.13475,0.13149,0.12822,0.12509,0.12217,0.11945,0.11688,0.1143,0.11157,0.10852,0.10505,0.1011,0.096678,0.091875,0.086835,0.081707,0.076663,0.071851,0.06738,0.063299,0.059628,0.056351,0.053423,0.050778,0.048365,0.046134,0.044045,0.042066,0.040192,0.038423,0.036768,0.035235,0.033835,0.032575,0.031462,0.030508,0.029727,0.029127
88.8,-0.001627,-0.0012608,-0.00074818,-6.5377e-005,0.00081759,0.0019427,0.0033538,0.0050884,0.00717,0.0096858,0.012741,0.016465,0.021067,0.026836,0.034134,0.043324,0.054735,0.06862,0.084941,0.10337,0.12328,0.14376,0.16369,0.18171,0.19649,0.20688,0.21226,0.21287,0.20994,0.20545,0.20174,0.20078,0.2038,0.21098,0.22178,0.23533,0.25081,0.26788,0.28685,0.3088,0.33529,0.36771,0.40648,0.45007,0.49461,0.53439,0.56324,0.57662,0.57297,0.55421,0.52495,0.49094,0.45728,0.42713,0.40141,0.37937,0.35935,0.33972,0.31937,0.29797,0.27577,0.25332,0.23124,0.21004,0.19006,0.17147,0.15435,0.13872,0.12462,0.11213,0.10128,0.092008,0.084236,0.077742,0.072268,0.067531,0.063288,0.059326,0.055495,0.051738,0.04805,0.044457,0.040996,0.037687,0.034532,0.031536,0.028725,0.026156,0.023886,0.021976,0.020465,0.019348,0.018592,0.018129,0.017872,0.017736,0.017649,0.017565,0.017471,0.017362,0.017243,0.017114,0.016973,0.016821,0.016666,0.016532,0.016446,0.016438,0.016537,0.016766,0.017145,0.017682,0.018376,0.019224,0.020216,0.021348,0.02264,0.02413,0.02587,0.027957,0.030598,0.034054,0.038758,0.045326,0.054537,0.067059,0.083379,0.10356,0.12703,0.15248,0.17831,0.20301,0.22564,0.24611,0.26527,0.28445,0.30478,0.32664,0.34949,0.37208,0.39297,0.41105,0.42578,0.43711,0.44512,0.4496,0.45005,0.44601,0.43756,0.42567,0.41217,0.39927,0.38862,0.38063,0.37435,0.36786,0.35918,0.34718,0.33205,0.31521,0.29865,0.2843,0.27342,0.2663,0.26236,0.26043,0.25909,0.2571,0.25367,0.24854,0.24191,0.23419,0.22579,0.21694,0.20772,0.19825,0.1887,0.17948,0.17108,0.16396,0.15832,0.15411,0.15101,0.14857,0.14631,0.14391,0.14119,0.13814,0.13487,0.13154,0.12832,0.1253,0.12254,0.12,0.11759,0.11516,0.11254,0.10958,0.10613,0.10215,0.097673,0.09281,0.087722,0.082569,0.077524,0.072721,0.068256,0.064182,0.060527,0.057269,0.054354,0.05172,0.049306,0.047056,0.044935,0.042922,0.041009,0.039185,0.037459,0.035842,0.034354,0.033023,0.031876,0.030927,0.030179,0.029622
89.4,-0.00046487,-0.00033003,0.00018072,0.0011213,0.0024647,0.0041399,0.0060749,0.008238,0.010632,0.013356,0.016542,0.020346,0.025009,0.030852,0.038275,0.047695,0.059514,0.074053,0.09131,0.11091,0.1321,0.15376,0.17458,0.19305,0.20776,0.21756,0.22187,0.22101,0.21631,0.2099,0.20433,0.20176,0.20357,0.21,0.22047,0.23399,0.24961,0.26687,0.28603,0.30811,0.33465,0.36699,0.4055,0.44861,0.49241,0.53123,0.55901,0.57128,0.56659,0.54694,0.51705,0.48274,0.44921,0.41959,0.39473,0.37366,0.35454,0.3356,0.31568,0.29448,0.27235,0.24987,0.22772,0.20644,0.18642,0.16791,0.15103,0.13586,0.1224,0.11064,0.10048,0.09178,0.084376,0.078046,0.072577,0.067752,0.063384,0.059306,0.055412,0.051697,0.048207,0.044991,0.042065,0.039377,0.036827,0.034329,0.031847,0.029429,0.027156,0.025119,0.023379,0.021943,0.020793,0.019905,0.019271,0.018911,0.018822,0.018969,0.019273,0.019625,0.019927,0.020113,0.020162,0.020079,0.019877,0.019584,0.019255,0.018971,0.018836,0.018943,0.019361,0.020113,0.021172,0.022473,0.023933,0.025468,0.027029,0.02862,0.03029,0.032153,0.03443,0.037421,0.041629,0.047782,0.05678,0.069396,0.086147,0.10701,0.13128,0.15748,0.18391,0.20898,0.23176,0.25217,0.2711,0.28991,0.30978,0.33112,0.35346,0.37557,0.39602,0.41375,0.42822,0.4394,0.44735,0.45182,0.45224,0.44809,0.43939,0.42707,0.41299,0.39936,0.38792,0.37916,0.37221,0.36523,0.35628,0.34423,0.32925,0.31271,0.29653,0.28262,0.2722,0.26549,0.26188,0.26018,0.25898,0.2571,0.25377,0.2488,0.24238,0.2349,0.22673,0.2181,0.2091,0.19982,0.19044,0.18133,0.17295,0.16574,0.15999,0.1557,0.15263,0.15032,0.14827,0.14612,0.14367,0.14088,0.13783,0.13465,0.13142,0.12824,0.12517,0.12224,0.11938,0.11652,0.11352,0.1103,0.10682,0.10304,0.098974,0.094672,0.090199,0.085635,0.08109,0.07665,0.072369,0.068268,0.064379,0.060744,0.057411,0.054433,0.051858,0.049671,0.04782,0.046206,0.044729,0.043308,0.041914,0.040548,0.039222,0.037938,0.036706,0.035545,0.034493,0.033604
86.7,-0.0014426,-0.0010941,-0.00059577,8.1742e-005,0.00097191,0.0021136,0.0035445,0.0052987,0.0073948,0.0099215,0.012993,0.016751,0.021419,0.027297,0.034755,0.044152,0.055796,0.069898,0.086348,0.10474,0.12439,0.14436,0.16355,0.1807,0.19457,0.20415,0.20893,0.20924,0.20631,0.20209,0.19881,0.19835,0.20177,0.20921,0.22009,0.23359,0.24894,0.26588,0.28478,0.30674,0.33337,0.36604,0.40516,0.44914,0.49405,0.53422,0.56356,0.57768,0.5752,0.55815,0.53114,0.49972,0.46877,0.44116,0.41762,0.39725,0.37832,0.35918,0.33874,0.31671,0.29343,0.26957,0.24589,0.22303,0.20145,0.18142,0.16303,0.14634,0.13141,0.11826,0.10691,0.097294,0.089267,0.082569,0.076909,0.071981,0.06753,0.063346,0.059299,0.055344,0.051482,0.047738,0.044153,0.040747,0.03752,0.034484,0.031663,0.029107,0.026858,0.024962,0.023446,0.022307,0.021509,0.020989,0.02067,0.02047,0.02032,0.020175,0.020025,0.019874,0.019725,0.01957,0.019404,0.01922,0.019023,0.018837,0.018703,0.018654,0.01872,0.018924,0.019279,0.019793,0.020462,0.021285,0.022258,0.023376,0.024658,0.026138,0.027862,0.029915,0.032477,0.035786,0.040252,0.046469,0.055195,0.067109,0.082728,0.10215,0.12483,0.14954,0.17469,0.19881,0.22096,0.24108,0.26007,0.27923,0.29969,0.32179,0.34495,0.3679,0.38921,0.4078,0.42318,0.43531,0.44418,0.44946,0.45054,0.44688,0.43857,0.42669,0.41322,0.40049,0.39024,0.38287,0.37734,0.37161,0.36361,0.35215,0.33741,0.32084,0.30447,0.2903,0.27957,0.27257,0.26866,0.26665,0.26511,0.26283,0.25907,0.25365,0.24682,0.23899,0.23056,0.2217,0.21244,0.20284,0.19307,0.18356,0.17484,0.16741,0.16151,0.1571,0.15389,0.15138,0.1491,0.14669,0.14395,0.14083,0.13745,0.13398,0.1306,0.12744,0.12459,0.12201,0.11962,0.11726,0.11475,0.11192,0.10864,0.10484,0.10056,0.095905,0.091029,0.086093,0.081255,0.076635,0.072317,0.068348,0.064749,0.06151,0.058595,0.055948,0.053513,0.051233,0.04907,0.047002,0.045022,0.043128,0.041327,0.039629,0.038052,0.036621,0.035361,0.034299,0.033446,0.032808
91.2,-0.0016075,-0.0011549,-0.00054838,0.00024382,0.0012589,0.0025514,0.004177,0.0061885,0.0086218,0.011594,0.015243,0.019731,0.025318,0.032353,0.041263,0.05247,0.066338,0.083109,0.10262,0.12429,0.14718,0.16996,0.19118,0.20921,0.22265,0.23045,0.23227,0.22874,0.22148,0.21287,0.20549,0.20146,0.202,0.20724,0.21648,0.22875,0.24314,0.25922,0.27723,0.29809,0.3232,0.35379,0.39022,0.43107,0.47273,0.50987,0.5366,0.54846,0.54376,0.52414,0.494,0.45899,0.42427,0.39319,0.36686,0.34464,0.32488,0.30593,0.28663,0.26661,0.2461,0.22562,0.20573,0.18687,0.1693,0.15309,0.13822,0.12463,0.1123,0.10128,0.091587,0.083216,0.076123,0.070157,0.065119,0.060775,0.056911,0.053321,0.049856,0.046445,0.043078,0.039777,0.03659,0.033546,0.030659,0.027943,0.025425,0.02315,0.021166,0.01952,0.018246,0.017338,0.016763,0.016464,0.016364,0.01638,0.016443,0.016509,0.016559,0.016583,0.016581,0.01655,0.016486,0.016392,0.016285,0.016195,0.01616,0.01622,0.016402,0.016724,0.017197,0.01782,0.018585,0.019491,0.020543,0.021754,0.023157,0.024803,0.026742,0.029067,0.031972,0.035709,0.040703,0.047562,0.057051,0.069819,0.086337,0.10665,0.13017,0.15557,0.18124,0.20567,0.22786,0.24771,0.26608,0.2843,0.30353,0.32418,0.34577,0.3671,0.38673,0.4036,0.41718,0.42746,0.43461,0.43847,0.43862,0.43464,0.42653,0.41516,0.40216,0.38956,0.37886,0.37043,0.36337,0.35596,0.34642,0.33382,0.31846,0.30174,0.28556,0.27172,0.2614,0.25484,0.25146,0.25012,0.24942,0.24807,0.24522,0.24055,0.23421,0.22662,0.21823,0.20938,0.20022,0.1909,0.18162,0.17275,0.16475,0.15804,0.15281,0.14899,0.14627,0.14417,0.14224,0.14015,0.13774,0.13499,0.132,0.12892,0.12586,0.1229,0.12008,0.11736,0.11469,0.11196,0.10905,0.10584,0.10222,0.09816,0.093664,0.088829,0.083789,0.078687,0.073691,0.068936,0.064529,0.06052,0.05693,0.053731,0.050869,0.04828,0.045917,0.043742,0.04173,0.039858,0.038111,0.03647,0.034925,0.033475,0.032138,0.030943,0.02992,0.029091,0.028468,0.028044
91.3,-0.00050201,-5.397e-006,0.00065686,0.001522,0.0026312,0.0040366,0.0057912,0.0079449,0.010536,0.013691,0.017562,0.02233,0.028274,0.035763,0.045244,0.057156,0.071875,0.089642,0.11025,0.13306,0.15701,0.18063,0.20235,0.22046,0.23355,0.24066,0.24157,0.23707,0.2289,0.21949,0.21143,0.2068,0.20673,0.21128,0.21974,0.2311,0.24449,0.25956,0.27659,0.29655,0.32079,0.3504,0.38563,0.42501,0.46503,0.50067,0.52647,0.53833,0.5347,0.51703,0.48922,0.45632,0.42302,0.39241,0.36568,0.34246,0.32149,0.30148,0.28148,0.2612,0.24085,0.22084,0.20159,0.18342,0.1665,0.15083,0.13638,0.12309,0.11097,0.10009,0.090496,0.082221,0.075247,0.069436,0.064587,0.060448,0.05678,0.053358,0.050017,0.046699,0.0434,0.040157,0.037023,0.034036,0.031211,0.028563,0.026119,0.023927,0.022031,0.020481,0.019304,0.018495,0.018017,0.017804,0.017777,0.017856,0.017971,0.018078,0.018155,0.018198,0.018205,0.018176,0.018112,0.018018,0.017911,0.017819,0.017784,0.017843,0.01803,0.018368,0.018872,0.019544,0.020377,0.021368,0.022511,0.023809,0.025286,0.026981,0.028942,0.03125,0.034082,0.037666,0.04239,0.048825,0.057702,0.069673,0.085233,0.10449,0.12696,0.15141,0.1763,0.20012,0.22182,0.24121,0.25905,0.27664,0.29518,0.31519,0.33629,0.35731,0.37676,0.39345,0.40675,0.41661,0.42322,0.42658,0.42644,0.42251,0.41482,0.40416,0.39205,0.3803,0.37032,0.3624,0.35571,0.34859,0.33938,0.32722,0.31238,0.29619,0.28044,0.26687,0.25659,0.24985,0.24613,0.24439,0.24331,0.24171,0.23881,0.23432,0.22838,0.22134,0.21359,0.20537,0.19677,0.18787,0.17887,0.17013,0.16216,0.15539,0.15008,0.14619,0.14346,0.14146,0.13973,0.13793,0.13586,0.13347,0.13079,0.12793,0.12502,0.12212,0.11928,0.1165,0.11373,0.11088,0.10782,0.10446,0.10073,0.096603,0.092122,0.087387,0.082518,0.07763,0.07285,0.068282,0.064014,0.060097,0.056564,0.053409,0.050593,0.048063,0.045771,0.043672,0.041727,0.03991,0.038203,0.036589,0.035068,0.033646,0.032348,0.0312,0.030228,0.029451,0.028868,0.02847
87.4,-0.0011307,-0.00080107,-0.00032307,0.00031966,0.0011486,0.0022039,0.003541,0.005225,0.0073213,0.0099735,0.013336,0.017557,0.022849,0.029491,0.037838,0.048267,0.061139,0.076748,0.095049,0.11562,0.13769,0.1601,0.18148,0.20025,0.21491,0.22427,0.22774,0.22573,0.21966,0.21176,0.20461,0.20036,0.20034,0.20484,0.21337,0.22512,0.23932,0.25569,0.27451,0.29675,0.32377,0.35671,0.39571,0.43909,0.48293,0.52169,0.5495,0.56217,0.55844,0.54038,0.51261,0.48072,0.44958,0.42209,0.39891,0.37905,0.36064,0.34189,0.32163,0.2996,0.27624,0.25234,0.22882,0.20639,0.18559,0.1666,0.14946,0.13406,0.12031,0.10817,0.097592,0.088527,0.080909,0.07456,0.069256,0.064725,0.060715,0.056998,0.053397,0.049837,0.046306,0.042834,0.039472,0.036257,0.033212,0.030359,0.027722,0.025348,0.023277,0.021549,0.020186,0.019178,0.018495,0.018081,0.017863,0.017772,0.017739,0.017721,0.017688,0.017633,0.01755,0.017432,0.017282,0.017109,0.016924,0.016753,0.016631,0.016589,0.016649,0.016827,0.017138,0.017583,0.018157,0.018869,0.01974,0.020792,0.022075,0.023645,0.025548,0.02784,0.030664,0.034215,0.038852,0.04514,0.053833,0.065616,0.081013,0.10014,0.12246,0.14672,0.17131,0.19474,0.21606,0.23523,0.2532,0.27138,0.29101,0.3125,0.33531,0.35812,0.37931,0.39767,0.41256,0.42389,0.43177,0.43604,0.43631,0.4322,0.42386,0.41234,0.39951,0.38751,0.37787,0.3708,0.36517,0.35897,0.35023,0.33799,0.32265,0.30581,0.28953,0.27577,0.26567,0.25938,0.25615,0.25473,0.25364,0.25169,0.24817,0.24296,0.23634,0.22878,0.22065,0.21214,0.20323,0.19396,0.18448,0.17519,0.16662,0.15927,0.1534,0.14903,0.14587,0.14352,0.1415,0.13946,0.13718,0.1346,0.13174,0.12871,0.12565,0.12262,0.11967,0.11679,0.11392,0.11096,0.10781,0.10438,0.10063,0.096569,0.092245,0.087749,0.083179,0.078621,0.074175,0.069931,0.065966,0.06233,0.059051,0.056114,0.053477,0.051084,0.048889,0.046853,0.044945,0.043139,0.041421,0.039772,0.038186,0.036665,0.035224,0.033886,0.032675,0.031614,0.030723,0.030015
87.1,-0.0019691,-0.0016273,-0.0011357,-0.00046888,0.00039858,0.001502,0.002875,0.0045478,0.006539,0.0089364,0.01185,0.015412,0.019829,0.025385,0.032423,0.041287,0.052289,0.065672,0.081405,0.099188,0.11846,0.13837,0.15787,0.17566,0.19044,0.20107,0.20688,0.2081,0.20587,0.20211,0.19906,0.19865,0.20203,0.20939,0.22022,0.23374,0.24921,0.26638,0.28563,0.3081,0.33538,0.36884,0.40885,0.45373,0.49941,0.54002,0.56938,0.58306,0.57976,0.56169,0.53365,0.50139,0.46986,0.44193,0.41825,0.39781,0.37879,0.35947,0.33872,0.31628,0.29257,0.26831,0.24431,0.22126,0.1996,0.17956,0.16122,0.14458,0.12966,0.1165,0.1051,0.095405,0.087292,0.080518,0.074801,0.069849,0.065414,0.061287,0.057321,0.053451,0.049663,0.045968,0.042393,0.038958,0.035674,0.032562,0.029655,0.027015,0.024695,0.022743,0.021186,0.020016,0.019193,0.018654,0.018317,0.018103,0.017939,0.017782,0.017613,0.017432,0.017241,0.017042,0.016835,0.016623,0.016411,0.016223,0.016088,0.016036,0.016092,0.016278,0.016611,0.017097,0.017737,0.018531,0.019473,0.020561,0.021814,0.023264,0.024955,0.026973,0.029508,0.032811,0.037306,0.043609,0.052496,0.064649,0.080567,0.10031,0.12331,0.14827,0.17358,0.1978,0.22001,0.24021,0.25931,0.27865,0.29931,0.32163,0.34499,0.36812,0.38958,0.40829,0.42373,0.43583,0.44457,0.44962,0.45038,0.44636,0.43772,0.42559,0.412,0.39927,0.38911,0.38183,0.37632,0.3705,0.36227,0.35049,0.33541,0.31853,0.30193,0.2876,0.27681,0.26976,0.26582,0.26373,0.26208,0.25966,0.25577,0.25027,0.2434,0.23561,0.22725,0.21849,0.20933,0.19982,0.19014,0.1807,0.17202,0.1646,0.15868,0.15422,0.15092,0.14831,0.14592,0.1434,0.14057,0.13739,0.13397,0.1305,0.12715,0.12406,0.12128,0.11877,0.11641,0.11403,0.11143,0.10847,0.10501,0.10105,0.096634,0.091886,0.08696,0.082008,0.077185,0.07261,0.06837,0.064507,0.06103,0.057908,0.055086,0.052503,0.050108,0.047864,0.045746,0.04373,0.041805,0.039959,0.038188,0.036502,0.034923,0.033479,0.032204,0.031114,0.030224,0.029534
87,-0.0012943,-0.00095174,-0.00047322,0.00017785,0.0010386,0.002151,0.0035508,0.0052641,0.0072964,0.0097147,0.012613,0.016119,0.02044,0.02586,0.03273,0.041401,0.05218,0.065305,0.080739,0.098184,0.11709,0.1366,0.15573,0.17321,0.18781,0.19843,0.20447,0.20614,0.20457,0.20159,0.19936,0.19971,0.20374,0.21159,0.22274,0.23641,0.25188,0.26892,0.28792,0.31001,0.3368,0.36966,0.40897,0.45318,0.49838,0.53887,0.56861,0.58316,0.58108,0.5643,0.53738,0.50583,0.47453,0.44642,0.42232,0.40139,0.38197,0.36245,0.34175,0.31956,0.29623,0.2724,0.24879,0.22599,0.20445,0.1844,0.16595,0.14914,0.13402,0.12064,0.10901,0.09907,0.090714,0.083699,0.077757,0.072598,0.067982,0.063698,0.059593,0.055605,0.051719,0.047944,0.044309,0.04083,0.037513,0.034372,0.031435,0.028762,0.026409,0.024427,0.022845,0.021651,0.020803,0.020226,0.019831,0.019537,0.019283,0.019035,0.018791,0.018557,0.018336,0.018121,0.017904,0.01768,0.017455,0.017251,0.017102,0.017039,0.017089,0.017277,0.017624,0.018138,0.018817,0.019655,0.020639,0.021756,0.023011,0.024439,0.026088,0.02805,0.030524,0.03377,0.038211,0.044453,0.053253,0.065275,0.081007,0.10052,0.12329,0.14807,0.17333,0.1976,0.22,0.24041,0.25968,0.27907,0.29967,0.32183,0.34502,0.36806,0.38953,0.40836,0.42397,0.43625,0.44515,0.45033,0.45125,0.44744,0.43904,0.42716,0.41376,0.40115,0.39102,0.38376,0.37833,0.37271,0.36481,0.35344,0.33875,0.32216,0.30565,0.29123,0.28018,0.2728,0.26853,0.2662,0.26442,0.26198,0.25811,0.25263,0.24575,0.23787,0.2294,0.22052,0.2113,0.20179,0.19218,0.18287,0.17435,0.16706,0.16125,0.15685,0.15357,0.15095,0.14853,0.14597,0.14309,0.13989,0.13646,0.13298,0.12964,0.12656,0.1238,0.12133,0.11905,0.11677,0.11429,0.11144,0.10807,0.10414,0.099704,0.094891,0.08987,0.084806,0.07986,0.075157,0.070781,0.066774,0.063153,0.059901,0.056969,0.054298,0.051837,0.049533,0.047354,0.045277,0.043293,0.041393,0.03958,0.037867,0.036279,0.034846,0.033601,0.032565,0.031748,0.031143
91.8,-0.00098381,-0.00054232,4.6605e-005,0.00082156,0.0018227,0.0030996,0.0047021,0.0066691,0.0090205,0.011853,0.015292,0.019494,0.024707,0.031263,0.039577,0.050058,0.063061,0.078837,0.097269,0.11787,0.1398,0.16187,0.18275,0.20092,0.21498,0.22388,0.22718,0.22538,0.21996,0.21317,0.20752,0.20509,0.20708,0.21358,0.22392,0.23706,0.25207,0.26854,0.2867,0.30754,0.33252,0.36294,0.39922,0.44002,0.48175,0.51907,0.54606,0.55814,0.55348,0.53361,0.50281,0.46668,0.43045,0.39756,0.36931,0.34521,0.32381,0.30358,0.28341,0.26293,0.24233,0.22202,0.20247,0.18402,0.16689,0.15111,0.13663,0.12341,0.11142,0.10069,0.09121,0.082983,0.075964,0.070017,0.064971,0.060621,0.056764,0.053205,0.049795,0.04646,0.043181,0.039973,0.036875,0.033915,0.031099,0.028444,0.025973,0.023732,0.021776,0.020152,0.018897,0.018007,0.017446,0.017153,0.017045,0.017042,0.017075,0.0171,0.017104,0.017082,0.017042,0.016983,0.016908,0.016822,0.016738,0.016678,0.016676,0.016764,0.016966,0.017301,0.017786,0.018425,0.019214,0.020147,0.021224,0.02245,0.02385,0.025476,0.027384,0.029671,0.032543,0.036278,0.041332,0.048348,0.058116,0.071296,0.088339,0.10925,0.13339,0.15943,0.18574,0.2108,0.23364,0.25415,0.27312,0.29185,0.31145,0.33233,0.35402,0.37537,0.39497,0.41174,0.42517,0.43523,0.44208,0.44561,0.44545,0.44116,0.43278,0.42108,0.40767,0.39452,0.38314,0.37396,0.36619,0.3582,0.34829,0.33553,0.32015,0.30347,0.2873,0.27342,0.26301,0.25636,0.25295,0.25166,0.2511,0.24995,0.24729,0.24276,0.23644,0.22874,0.22016,0.21105,0.20167,0.19221,0.18292,0.17415,0.16633,0.1598,0.15472,0.15098,0.14824,0.14606,0.14401,0.14177,0.13921,0.13634,0.13326,0.13014,0.12707,0.12413,0.12135,0.11869,0.11608,0.1134,0.11053,0.10732,0.10369,0.099566,0.094986,0.090043,0.084882,0.079655,0.074533,0.069653,0.065117,0.060976,0.057258,0.053942,0.050982,0.048317,0.045893,0.04366,0.041585,0.039642,0.037824,0.03612,0.034537,0.033082,0.031774,0.030637,0.029694,0.028955,0.028421,0.028081
89.1,-0.0012279,-0.00084948,-0.00032593,0.00036318,0.0012407,0.0023428,0.0037161,0.0054172,0.0074889,0.010043,0.013205,0.017114,0.021979,0.028079,0.03578,0.045456,0.057448,0.072014,0.089095,0.10831,0.12896,0.15002,0.17034,0.18847,0.20307,0.21295,0.21752,0.21706,0.21285,0.20698,0.20191,0.19973,0.20174,0.20816,0.21846,0.23175,0.24715,0.26429,0.28344,0.30561,0.33236,0.36506,0.40412,0.44801,0.49275,0.53251,0.561,0.57355,0.56862,0.54825,0.51731,0.48179,0.44701,0.41623,0.39039,0.36863,0.34919,0.33033,0.31088,0.29045,0.26927,0.24783,0.2267,0.2063,0.18697,0.16884,0.152,0.13654,0.12255,0.11014,0.099391,0.090277,0.082701,0.076433,0.071191,0.066668,0.062595,0.058751,0.05499,0.051265,0.047582,0.043978,0.040503,0.037184,0.034026,0.031041,0.028261,0.025741,0.023532,0.021684,0.020224,0.019145,0.018412,0.017965,0.017729,0.017626,0.017583,0.017549,0.017503,0.01744,0.017359,0.017259,0.01714,0.017004,0.01686,0.01673,0.016652,0.016657,0.016773,0.017015,0.017393,0.017906,0.018545,0.019316,0.020226,0.021295,0.022556,0.02406,0.025857,0.028026,0.030751,0.034279,0.039036,0.045645,0.054901,0.067499,0.083949,0.10431,0.128,0.15367,0.17966,0.20442,0.22699,0.24728,0.26619,0.28512,0.30523,0.32692,0.34962,0.37204,0.39268,0.41041,0.4247,0.43561,0.44329,0.44757,0.44796,0.44393,0.43549,0.42352,0.40981,0.39657,0.38549,0.37701,0.37021,0.36325,0.35419,0.34192,0.32666,0.3098,0.29334,0.27918,0.26859,0.26184,0.25833,0.25685,0.25594,0.25434,0.25121,0.24631,0.23986,0.23227,0.22395,0.21515,0.20593,0.19641,0.18677,0.17743,0.16891,0.16169,0.15602,0.15187,0.14893,0.14672,0.14473,0.14259,0.14008,0.13716,0.13394,0.1306,0.12731,0.1242,0.12132,0.11866,0.11613,0.1136,0.11089,0.10787,0.1044,0.10042,0.095967,0.091142,0.086095,0.080991,0.075995,0.071246,0.066838,0.062816,0.059193,0.055945,0.05302,0.050363,0.047928,0.045675,0.043571,0.041586,0.039705,0.037916,0.036221,0.034633,0.033173,0.031872,0.030753,0.029835,0.029125,0.028616
91.8,-0.0015178,-0.0011265,-0.0005891,0.0001113,0.0009965,0.0021085,0.0035048,0.0052608,0.0074482,0.01022,0.013737,0.018147,0.023649,0.030504,0.039062,0.049712,0.062861,0.07888,0.097807,0.11929,0.14253,0.16631,0.18911,0.20915,0.22475,0.23454,0.23789,0.23521,0.228,0.2187,0.21007,0.2045,0.20349,0.20737,0.21563,0.22735,0.24164,0.25809,0.2769,0.29898,0.32564,0.35791,0.39585,0.43772,0.47962,0.51608,0.54135,0.55129,0.54463,0.52335,0.49199,0.45614,0.42081,0.38918,0.3623,0.33956,0.31949,0.30057,0.28175,0.2626,0.24323,0.22394,0.20506,0.18686,0.16954,0.15321,0.13795,0.12386,0.11104,0.099642,0.089743,0.081367,0.074459,0.06883,0.06421,0.060278,0.056743,0.053358,0.049964,0.046526,0.043075,0.039682,0.036415,0.03331,0.030373,0.027615,0.025062,0.022763,0.020767,0.019117,0.01784,0.016922,0.01633,0.016015,0.015912,0.015955,0.016075,0.016219,0.016356,0.016461,0.016522,0.016533,0.0165,0.016428,0.016334,0.016249,0.016211,0.016253,0.016401,0.016674,0.017077,0.01761,0.018268,0.019057,0.019995,0.021112,0.022462,0.024108,0.026103,0.028522,0.031525,0.035323,0.040318,0.047105,0.056454,0.069052,0.085419,0.10564,0.12915,0.15462,0.1804,0.20487,0.22696,0.24651,0.26444,0.2822,0.30113,0.32178,0.34367,0.36548,0.38554,0.40256,0.41591,0.4256,0.43191,0.43491,0.43432,0.42982,0.42143,0.40994,0.39694,0.38438,0.37376,0.36545,0.3586,0.35151,0.34237,0.33018,0.31512,0.29851,0.28221,0.26807,0.25733,0.25035,0.24662,0.24502,0.24417,0.24281,0.24009,0.23572,0.22983,0.22282,0.21506,0.20679,0.19807,0.189,0.17977,0.17078,0.16254,0.15555,0.1501,0.14622,0.14366,0.14196,0.14063,0.13925,0.13753,0.13535,0.13277,0.12989,0.12688,0.12385,0.12089,0.118,0.11515,0.11224,0.10915,0.10579,0.10206,0.097917,0.09338,0.088525,0.08346,0.078317,0.073255,0.068424,0.063947,0.059895,0.056296,0.053123,0.050312,0.047789,0.045495,0.04339,0.041444,0.039633,0.037945,0.036365,0.034893,0.033531,0.032297,0.031215,0.030297,0.029549,0.028973,0.028558
86.9,-0.0016707,-0.0013024,-0.00077863,-6.9812e-005,0.00085402,0.0020345,0.0035182,0.0053478,0.0075543,0.010248,0.013563,0.017653,0.022756,0.029195,0.037365,0.047648,0.060373,0.075753,0.093633,0.1135,0.13454,0.15562,0.1755,0.19276,0.20614,0.21464,0.21784,0.21622,0.21118,0.20483,0.19956,0.1973,0.1992,0.20536,0.2152,0.22787,0.24258,0.25906,0.27765,0.29941,0.32585,0.35825,0.39694,0.44034,0.48451,0.52382,0.55229,0.56556,0.5623,0.54456,0.517,0.48526,0.45423,0.42681,0.4037,0.3839,0.3656,0.34705,0.32713,0.30551,0.28257,0.25903,0.23567,0.21317,0.19201,0.17244,0.15457,0.13841,0.12398,0.1113,0.10037,0.091116,0.083416,0.077027,0.071663,0.067012,0.062814,0.058849,0.054975,0.051152,0.047397,0.043749,0.040261,0.036959,0.03384,0.030908,0.028183,0.025713,0.023544,0.021722,0.020278,0.019203,0.018458,0.017985,0.017708,0.017559,0.01747,0.017397,0.017322,0.017234,0.017123,0.016981,0.016803,0.016597,0.016378,0.01618,0.016047,0.016014,0.016106,0.01634,0.016724,0.017257,0.01793,0.018742,0.019692,0.020788,0.022059,0.02355,0.02531,0.02742,0.030054,0.03343,0.037946,0.044189,0.052907,0.06477,0.080284,0.099534,0.12197,0.14633,0.17106,0.19471,0.21635,0.23596,0.25445,0.27313,0.29315,0.31482,0.33759,0.36017,0.38109,0.39926,0.41418,0.42582,0.43425,0.43918,0.44006,0.43637,0.42821,0.41657,0.40339,0.39093,0.38083,0.37347,0.36781,0.36187,0.35365,0.34202,0.32724,0.31076,0.29458,0.28067,0.27026,0.2636,0.26006,0.25841,0.25721,0.25523,0.2517,0.24644,0.23969,0.23191,0.22349,0.21465,0.20541,0.19585,0.18615,0.1767,0.16805,0.16067,0.15483,0.15048,0.14733,0.14491,0.14272,0.14041,0.13778,0.13478,0.1315,0.1281,0.12475,0.12156,0.1186,0.11587,0.11329,0.11072,0.10801,0.105,0.10158,0.097717,0.093445,0.088868,0.08412,0.079331,0.074637,0.07015,0.065952,0.062087,0.05858,0.055417,0.05256,0.049954,0.047556,0.045324,0.043226,0.041237,0.039345,0.037539,0.035816,0.034182,0.032659,0.031272,0.030044,0.028996,0.028139,0.027475
91.7,-0.0015543,-0.0010224,-0.00033135,0.00055202,0.001662,0.0030513,0.0047768,0.0068948,0.0094412,0.012542,0.01634,0.021006,0.026801,0.034088,0.043306,0.054886,0.069194,0.086473,0.10653,0.12877,0.15217,0.17538,0.19689,0.21507,0.22851,0.23621,0.23786,0.23413,0.22669,0.21792,0.21039,0.2062,0.20653,0.21147,0.22033,0.23213,0.24598,0.26151,0.279,0.29941,0.3241,0.35422,0.39003,0.43006,0.47076,0.507,0.53315,0.54497,0.54083,0.52224,0.49328,0.45919,0.42484,0.39346,0.36625,0.3428,0.32176,0.30176,0.28181,0.26158,0.24128,0.22131,0.2021,0.18394,0.16701,0.15132,0.13686,0.12358,0.1115,0.10068,0.091154,0.082941,0.076004,0.070199,0.065328,0.06115,0.057431,0.05396,0.050583,0.047239,0.043928,0.040686,0.037564,0.034589,0.03177,0.029116,0.026646,0.024412,0.022464,0.020849,0.019601,0.018716,0.018162,0.017879,0.017789,0.017823,0.017908,0.018001,0.018076,0.018122,0.018135,0.018107,0.018043,0.01795,0.017844,0.017758,0.017729,0.017792,0.017974,0.018295,0.018769,0.019398,0.020177,0.021104,0.02218,0.023412,0.02483,0.026482,0.02842,0.030731,0.033593,0.037237,0.042069,0.048681,0.057818,0.070132,0.086112,0.10584,0.12878,0.15367,0.17896,0.20313,0.22517,0.24487,0.26302,0.28091,0.29974,0.31999,0.34126,0.36239,0.38189,0.39856,0.41181,0.42161,0.42817,0.43148,0.43128,0.42724,0.41939,0.40847,0.39602,0.3839,0.37353,0.36524,0.35821,0.3508,0.34135,0.32897,0.31394,0.29759,0.2817,0.26801,0.25765,0.25089,0.24722,0.24558,0.24464,0.24319,0.24039,0.23592,0.22992,0.22273,0.21478,0.20633,0.19753,0.18849,0.17941,0.17067,0.16272,0.156,0.15074,0.14688,0.14416,0.14213,0.14034,0.13846,0.13631,0.13383,0.13109,0.12819,0.12527,0.12238,0.11956,0.11682,0.1141,0.11131,0.10832,0.10504,0.10136,0.097254,0.092752,0.087951,0.082979,0.077969,0.073065,0.068394,0.064048,0.060075,0.056503,0.053317,0.050473,0.047915,0.045598,0.043478,0.041517,0.039681,0.037953,0.036314,0.034769,0.033333,0.032036,0.030913,0.029991,0.029271,0.028741,0.028386
91.7,-0.0015807,-0.0011741,-0.00061728,0.00010519,0.0010117,0.0021404,0.0035527,0.0053292,0.007544,0.010355,0.013921,0.018388,0.023955,0.030887,0.039547,0.050338,0.063674,0.079926,0.09911,0.12085,0.14431,0.16823,0.19107,0.21103,0.22644,0.23597,0.23902,0.23602,0.22856,0.21906,0.21033,0.20473,0.20375,0.20768,0.21598,0.22773,0.24203,0.25847,0.27729,0.29939,0.32606,0.35827,0.39603,0.43753,0.47887,0.51464,0.53921,0.54858,0.5416,0.52028,0.48915,0.45368,0.41879,0.38754,0.36094,0.33836,0.31835,0.29942,0.28055,0.26135,0.24193,0.22262,0.20375,0.18559,0.16833,0.15209,0.13695,0.123,0.11034,0.099084,0.089302,0.080996,0.074113,0.068471,0.063817,0.059846,0.056275,0.052864,0.049459,0.046024,0.042594,0.039236,0.036012,0.032953,0.030061,0.027342,0.024819,0.022546,0.020575,0.018953,0.017703,0.016816,0.016254,0.015953,0.015848,0.015872,0.015961,0.016073,0.016183,0.016273,0.016327,0.016334,0.016296,0.016219,0.016121,0.016036,0.016002,0.016053,0.016213,0.016496,0.01691,0.017448,0.018103,0.018882,0.019807,0.020917,0.022272,0.023937,0.025964,0.028419,0.03146,0.035302,0.040343,0.047186,0.056596,0.069246,0.085638,0.10585,0.12931,0.1547,0.18039,0.20477,0.22679,0.24629,0.26417,0.28189,0.30078,0.32139,0.34325,0.36502,0.38504,0.40197,0.41518,0.42469,0.4308,0.43362,0.43291,0.42837,0.42002,0.40864,0.3958,0.38342,0.37296,0.36478,0.35803,0.351,0.34192,0.32979,0.31479,0.29825,0.282,0.2679,0.2572,0.25024,0.24652,0.24492,0.24408,0.2427,0.23993,0.23549,0.22952,0.22241,0.21458,0.20626,0.19752,0.18847,0.17927,0.17032,0.16214,0.1552,0.14979,0.14593,0.14336,0.14165,0.14031,0.13894,0.13725,0.13512,0.13257,0.12972,0.1267,0.12365,0.12064,0.11769,0.11478,0.11179,0.10862,0.10518,0.10139,0.097219,0.092689,0.087869,0.082858,0.077763,0.07273,0.067907,0.063421,0.059356,0.055749,0.052586,0.049801,0.047313,0.045053,0.042965,0.041014,0.039177,0.037453,0.035842,0.034352,0.032995,0.031784,0.030725,0.029825,0.029078,0.028485,0.02804
87,-0.0012918,-0.00092109,-0.00040504,0.00028513,0.0011825,0.0023282,0.0037648,0.0055238,0.0076169,0.010121,0.013139,0.01681,0.021354,0.027076,0.034345,0.043521,0.054907,0.06872,0.084867,0.10297,0.12239,0.1422,0.16135,0.17856,0.19261,0.20247,0.20761,0.20832,0.20583,0.20205,0.19918,0.19908,0.2028,0.21046,0.22147,0.23501,0.25033,0.26721,0.28605,0.30799,0.33463,0.36732,0.40641,0.45031,0.4951,0.53511,0.56429,0.57829,0.57573,0.5586,0.53147,0.49985,0.46858,0.44054,0.4165,0.39561,0.37621,0.35672,0.33608,0.314,0.29082,0.26718,0.24379,0.22123,0.19993,0.18011,0.16188,0.14528,0.13037,0.11722,0.10582,0.096122,0.087995,0.081195,0.075442,0.070441,0.065939,0.06173,0.057675,0.053721,0.049869,0.046142,0.042576,0.039179,0.03595,0.032897,0.030047,0.027455,0.025175,0.023259,0.021733,0.020589,0.019784,0.019246,0.018892,0.018642,0.018433,0.018226,0.018014,0.017806,0.017603,0.017402,0.017198,0.016989,0.016784,0.016603,0.016486,0.016464,0.016565,0.016811,0.017216,0.017783,0.018501,0.019363,0.020358,0.02148,0.022745,0.024191,0.025869,0.02787,0.030382,0.033657,0.038112,0.044357,0.053157,0.065187,0.080943,0.1005,0.12329,0.14806,0.17325,0.19741,0.21964,0.23987,0.25896,0.2782,0.29867,0.3207,0.34374,0.36659,0.38783,0.40638,0.42172,0.43376,0.44248,0.44757,0.44846,0.44467,0.43632,0.42449,0.41113,0.39853,0.38837,0.38102,0.37545,0.36967,0.36161,0.35011,0.33537,0.3188,0.3024,0.28814,0.2773,0.27016,0.26612,0.26401,0.26243,0.26016,0.25644,0.25108,0.24428,0.23647,0.22801,0.21912,0.20983,0.20024,0.19054,0.18112,0.17252,0.16518,0.15936,0.15499,0.15177,0.14925,0.14693,0.14447,0.14169,0.13856,0.13518,0.13171,0.12834,0.12519,0.12233,0.11975,0.11736,0.11499,0.11246,0.1096,0.10626,0.10238,0.098018,0.093285,0.088346,0.083357,0.078477,0.073821,0.069476,0.06548,0.061859,0.058602,0.055668,0.053001,0.050545,0.04825,0.04608,0.044006,0.042019,0.040112,0.038298,0.036591,0.035014,0.033599,0.032367,0.031331,0.030494,0.029861
87,-0.0016437,-0.0012955,-0.00080905,-0.00014881,0.00072328,0.0018474,0.0032591,0.0049862,0.0070377,0.0094933,0.012456,0.016057,0.020506,0.026087,0.033157,0.04207,0.053132,0.066574,0.082327,0.10006,0.11916,0.13878,0.15789,0.17526,0.18964,0.19995,0.20558,0.20678,0.20468,0.2012,0.19852,0.19853,0.20234,0.21009,0.22122,0.23495,0.25053,0.26772,0.2869,0.3092,0.33627,0.36949,0.40924,0.45392,0.49948,0.5401,0.56957,0.58344,0.58034,0.56239,0.53434,0.50194,0.47015,0.44192,0.41797,0.39734,0.37826,0.35903,0.33855,0.31651,0.29327,0.26949,0.24591,0.22313,0.2016,0.18156,0.16312,0.14634,0.13129,0.11804,0.10658,0.096861,0.088734,0.081952,0.076221,0.071236,0.066745,0.062543,0.058495,0.054557,0.05073,0.047035,0.043493,0.040112,0.036884,0.033817,0.030942,0.028316,0.025995,0.024031,0.022452,0.021253,0.020399,0.019824,0.019447,0.019191,0.018989,0.0188,0.018612,0.018425,0.01824,0.01805,0.017851,0.017645,0.017439,0.017258,0.017134,0.0171,0.017181,0.017399,0.017774,0.018315,0.019017,0.019876,0.020875,0.022004,0.023267,0.024694,0.026335,0.028288,0.030757,0.034004,0.038464,0.044759,0.053663,0.065852,0.081814,0.10161,0.12468,0.14972,0.17515,0.19952,0.22193,0.24231,0.26154,0.28093,0.30157,0.32378,0.347,0.37,0.39136,0.40998,0.42537,0.43745,0.44623,0.45139,0.45233,0.44855,0.44015,0.42819,0.41465,0.40188,0.39159,0.38415,0.37854,0.37272,0.36461,0.35302,0.33816,0.32147,0.30498,0.29069,0.27984,0.27273,0.26873,0.26663,0.26503,0.26271,0.25892,0.25347,0.2466,0.23873,0.23023,0.2213,0.21197,0.20232,0.19254,0.18307,0.17441,0.16704,0.1612,0.15682,0.15358,0.15102,0.14867,0.14619,0.14339,0.14025,0.13687,0.13343,0.13009,0.12699,0.12418,0.12167,0.11933,0.117,0.11449,0.11163,0.10827,0.10437,0.099987,0.095239,0.090288,0.0853,0.080438,0.075823,0.071542,0.067629,0.064095,0.060913,0.058034,0.055399,0.052965,0.050692,0.048549,0.046509,0.044561,0.042688,0.040889,0.039177,0.037585,0.036151,0.034905,0.033869,0.033049,0.032433
90.8,-0.0003835,2.1294e-005,0.00058253,0.0013267,0.0022817,0.0034862,0.0049827,0.0068108,0.0089917,0.011614,0.014789,0.018656,0.023432,0.029414,0.036974,0.04649,0.058297,0.072656,0.089518,0.10852,0.129,0.14997,0.17025,0.18844,0.20315,0.21321,0.218,0.2178,0.21391,0.20843,0.20383,0.2022,0.20482,0.21188,0.2228,0.23666,0.25253,0.27,0.28931,0.31143,0.33789,0.3701,0.40856,0.45189,0.49625,0.53586,0.56431,0.57669,0.57113,0.54949,0.51669,0.47894,0.44193,0.40927,0.38206,0.35947,0.33961,0.32063,0.30124,0.28102,0.26021,0.23934,0.219,0.19961,0.18144,0.16457,0.14901,0.13475,0.1218,0.11024,0.10009,0.091332,0.083887,0.077582,0.07221,0.067539,0.063359,0.059479,0.055756,0.05212,0.048553,0.045068,0.0417,0.038468,0.035381,0.032455,0.029722,0.02724,0.025067,0.023258,0.02184,0.020807,0.020116,0.019694,0.019458,0.019332,0.019251,0.019175,0.019088,0.01899,0.018885,0.018776,0.018669,0.018571,0.018493,0.018447,0.018452,0.018527,0.018688,0.018951,0.019334,0.019853,0.020515,0.021324,0.022286,0.023406,0.024712,0.026248,0.028075,0.030299,0.03314,0.036889,0.04203,0.049244,0.059345,0.073002,0.090644,0.11224,0.13709,0.16377,0.19063,0.21614,0.23939,0.26032,0.2798,0.29915,0.31948,0.3411,0.36347,0.3854,0.40555,0.42288,0.43695,0.44776,0.45537,0.45949,0.45955,0.45501,0.44587,0.43306,0.41839,0.40412,0.39196,0.38242,0.37466,0.36692,0.35728,0.34466,0.3292,0.31227,0.29576,0.28157,0.27096,0.26424,0.26086,0.25963,0.2591,0.2579,0.25512,0.25041,0.24391,0.23605,0.22732,0.21807,0.20852,0.19886,0.18933,0.1803,0.17223,0.1655,0.16025,0.15637,0.15349,0.15114,0.14885,0.14634,0.14349,0.14033,0.13699,0.13365,0.13046,0.12748,0.12475,0.12223,0.11984,0.11743,0.11484,0.1119,0.10845,0.1044,0.099772,0.094666,0.089253,0.083728,0.078306,0.073163,0.068426,0.064156,0.060364,0.057012,0.054019,0.051305,0.048808,0.046486,0.044316,0.042283,0.040382,0.0386,0.036938,0.035405,0.03402,0.032809,0.031786,0.030958,0.030323,0.029879
87.2,-0.00088136,-0.0004975,3.6174e-005,0.00075037,0.0016775,0.0028577,0.0043325,0.0061324,0.0082723,0.01084,0.013948,0.017736,0.022423,0.028315,0.035786,0.045199,0.056874,0.071047,0.087631,0.10624,0.12618,0.14651,0.16608,0.18357,0.1977,0.20742,0.21223,0.21243,0.2093,0.2048,0.20118,0.20032,0.20333,0.21034,0.2208,0.2339,0.2489,0.26556,0.28428,0.30614,0.33271,0.36527,0.40418,0.44785,0.49239,0.53221,0.56133,0.57539,0.57301,0.55611,0.52923,0.49788,0.4669,0.43922,0.41559,0.39511,0.37608,0.35682,0.33624,0.31405,0.29063,0.26667,0.24294,0.22011,0.19865,0.17883,0.16072,0.14436,0.12974,0.11686,0.10568,0.09613,0.088097,0.081357,0.075652,0.070698,0.066249,0.062092,0.058085,0.054178,0.050372,0.046695,0.04318,0.039837,0.036665,0.033668,0.03087,0.028327,0.02609,0.024216,0.022731,0.021625,0.020858,0.020358,0.020045,0.019839,0.019676,0.019519,0.019356,0.019185,0.019009,0.018824,0.01863,0.018428,0.018228,0.018054,0.017937,0.017909,0.017997,0.018221,0.018596,0.01913,0.019818,0.020651,0.021627,0.022742,0.024012,0.025468,0.027161,0.029181,0.031714,0.035015,0.039504,0.045772,0.054566,0.066545,0.082202,0.1016,0.12421,0.14877,0.17374,0.19768,0.21969,0.2397,0.25857,0.27759,0.29785,0.31968,0.34258,0.36536,0.38659,0.40519,0.4206,0.4327,0.44145,0.44654,0.44745,0.44369,0.43542,0.42369,0.41046,0.398,0.38797,0.38074,0.37528,0.36957,0.36157,0.35013,0.33541,0.31887,0.30251,0.28829,0.27748,0.27037,0.26637,0.2643,0.26277,0.26054,0.25685,0.2515,0.24469,0.23684,0.22836,0.21948,0.21024,0.20072,0.1911,0.18176,0.1732,0.16588,0.16005,0.15565,0.15239,0.14983,0.14747,0.145,0.14222,0.13913,0.13581,0.13243,0.12914,0.12604,0.12319,0.12057,0.1181,0.11564,0.11302,0.11007,0.10668,0.1028,0.098461,0.093779,0.088905,0.08399,0.079183,0.074602,0.070333,0.06642,0.062884,0.059706,0.056848,0.05425,0.05186,0.049631,0.04753,0.045531,0.043624,0.041794,0.040046,0.038383,0.036828,0.035415,0.03417,0.033114,0.032259,0.031603
91.4,-0.001499,-0.0010743,-0.00048915,0.0002868,0.001287,0.0025557,0.004132,0.0060541,0.0083375,0.011077,0.01439,0.018422,0.02341,0.029675,0.037617,0.047636,0.060078,0.075196,0.092893,0.11273,0.13395,0.15545,0.17599,0.1941,0.20841,0.21781,0.22178,0.22073,0.21606,0.20993,0.20484,0.20287,0.20523,0.21209,0.22277,0.2363,0.25174,0.26867,0.28734,0.30872,0.33433,0.36552,0.40277,0.44473,0.48771,0.52618,0.55397,0.56633,0.56138,0.54076,0.509,0.47202,0.43528,0.40233,0.37441,0.35089,0.33013,0.31043,0.29061,0.27024,0.24953,0.22893,0.20897,0.19004,0.17236,0.15603,0.14103,0.12733,0.11492,0.10385,0.094105,0.085669,0.078477,0.072377,0.067177,0.062659,0.058625,0.054888,0.051304,0.047811,0.044394,0.041067,0.037859,0.034789,0.03186,0.029085,0.026495,0.024147,0.022092,0.020381,0.019047,0.018081,0.01745,0.017089,0.016922,0.016867,0.016854,0.016842,0.016812,0.016765,0.016706,0.016635,0.016555,0.016472,0.016396,0.016352,0.016367,0.016472,0.016685,0.017019,0.017493,0.018112,0.018879,0.019795,0.020859,0.022074,0.023462,0.025067,0.026949,0.029211,0.032074,0.035828,0.040946,0.04808,0.058029,0.071456,0.088808,0.11007,0.1346,0.161,0.18764,0.213,0.23613,0.25693,0.27626,0.2954,0.31546,0.33678,0.35887,0.38054,0.40042,0.41747,0.43121,0.44166,0.44893,0.45284,0.45292,0.44867,0.44006,0.42793,0.41397,0.40029,0.38851,0.37913,0.37135,0.36347,0.35371,0.34103,0.32563,0.30883,0.29248,0.27841,0.26787,0.26116,0.25778,0.25658,0.25612,0.25505,0.25242,0.24785,0.24147,0.23367,0.22497,0.21575,0.20624,0.19666,0.18724,0.17834,0.17041,0.16378,0.15863,0.15483,0.15204,0.1498,0.14764,0.14529,0.14261,0.13962,0.13644,0.13322,0.1301,0.12714,0.12436,0.12176,0.11923,0.11668,0.11394,0.11087,0.10735,0.10329,0.098709,0.093692,0.088396,0.082996,0.077688,0.072642,0.067979,0.063763,0.060014,0.056695,0.053738,0.051064,0.048613,0.046338,0.044212,0.042219,0.040352,0.038603,0.036973,0.035472,0.034121,0.032943,0.031955,0.031165,0.030569,0.03016
87.2,-0.0015063,-0.0011689,-0.00067099,2.5389e-005,0.00095641,0.0021617,0.0036798,0.0055443,0.0077734,0.010466,0.013746,0.017765,0.022753,0.029029,0.036984,0.046998,0.059404,0.074441,0.091999,0.11163,0.13256,0.15371,0.17381,0.19143,0.20526,0.21425,0.21796,0.21685,0.21228,0.20637,0.20144,0.19943,0.20145,0.20763,0.21738,0.22987,0.24437,0.26064,0.27903,0.3006,0.32684,0.35894,0.39717,0.43992,0.48338,0.52211,0.55032,0.56386,0.56144,0.54498,0.51889,0.48852,0.45853,0.43172,0.4088,0.38884,0.37013,0.35103,0.33046,0.30819,0.28462,0.26055,0.23681,0.21409,0.19288,0.1734,0.15571,0.13977,0.12551,0.11293,0.10198,0.092583,0.084647,0.077969,0.072308,0.067402,0.063018,0.058955,0.055066,0.051284,0.047598,0.044026,0.040603,0.037345,0.034261,0.031363,0.028675,0.02624,0.024102,0.022304,0.02087,0.019797,0.019057,0.018593,0.018329,0.018187,0.018096,0.018008,0.017901,0.017774,0.01763,0.017468,0.017292,0.017105,0.016918,0.016757,0.016655,0.016651,0.016774,0.017042,0.017469,0.018055,0.018791,0.019671,0.020692,0.021854,0.023173,0.024687,0.026443,0.028523,0.031113,0.034452,0.038945,0.045165,0.053849,0.065648,0.081048,0.10012,0.12234,0.14648,0.171,0.19448,0.21602,0.23558,0.25401,0.2726,0.29247,0.31398,0.33662,0.35919,0.38028,0.39876,0.41407,0.42608,0.43477,0.43981,0.4407,0.43698,0.42882,0.41728,0.40432,0.39218,0.38248,0.37553,0.37027,0.36469,0.35677,0.34541,0.33085,0.31455,0.29848,0.28459,0.2741,0.26726,0.26345,0.26149,0.25999,0.25775,0.25404,0.24868,0.24191,0.23416,0.22582,0.2171,0.20802,0.19867,0.1892,0.17999,0.17155,0.16433,0.15858,0.15425,0.15105,0.14856,0.14631,0.14398,0.14138,0.13847,0.13533,0.1321,0.12891,0.12585,0.12298,0.12029,0.1177,0.11509,0.11231,0.10922,0.10572,0.10178,0.097453,0.09285,0.088106,0.083353,0.078724,0.074319,0.070215,0.066448,0.063038,0.059973,0.057212,0.054703,0.052395,0.050244,0.048216,0.046283,0.04443,0.042648,0.040938,0.039309,0.037784,0.036392,0.035159,0.034098,0.033219,0.032525
92.2,-0.0015216,-0.0010764,-0.00048081,0.0002984,0.0012978,0.0025669,0.0041509,0.0060884,0.0084054,0.011195,0.014578,0.018698,0.023791,0.030183,0.038276,0.048478,0.061144,0.076526,0.094513,0.11463,0.1361,0.15777,0.17839,0.19647,0.21066,0.21988,0.22365,0.22239,0.21754,0.2113,0.20616,0.2042,0.20662,0.21353,0.22425,0.23776,0.25313,0.26993,0.28839,0.30949,0.33474,0.36544,0.40206,0.44327,0.48546,0.5232,0.55047,0.56259,0.5577,0.53733,0.50589,0.46909,0.4323,0.39901,0.37054,0.34637,0.32496,0.30474,0.28458,0.26407,0.2434,0.22298,0.20331,0.18474,0.16749,0.15162,0.13709,0.12384,0.11184,0.10111,0.091655,0.083443,0.076423,0.07046,0.065386,0.060992,0.057087,0.053484,0.05004,0.046687,0.043405,0.040209,0.037133,0.03419,0.031381,0.028713,0.026215,0.023937,0.021934,0.020265,0.018969,0.01804,0.017446,0.017123,0.016987,0.016959,0.016968,0.016976,0.016971,0.016952,0.016923,0.016881,0.016824,0.016755,0.016688,0.016649,0.016672,0.016787,0.017013,0.017369,0.017868,0.018515,0.019305,0.020237,0.021306,0.022516,0.023895,0.025497,0.027385,0.029667,0.032561,0.036349,0.041493,0.04864,0.058579,0.071973,0.089264,0.11045,0.13488,0.1612,0.18778,0.2131,0.23621,0.25698,0.27623,0.29524,0.31509,0.33618,0.358,0.3794,0.39901,0.41578,0.42919,0.43928,0.4462,0.44981,0.4497,0.44543,0.43699,0.42515,0.41151,0.39808,0.38642,0.37698,0.369,0.36086,0.35084,0.33799,0.32252,0.30575,0.28947,0.2755,0.26502,0.25835,0.25498,0.25378,0.25333,0.25229,0.24969,0.24516,0.23878,0.23096,0.22222,0.21295,0.20343,0.19385,0.18447,0.17566,0.16782,0.1613,0.15623,0.1525,0.14977,0.14757,0.14547,0.14316,0.14052,0.13757,0.13442,0.13125,0.12816,0.12523,0.12246,0.11983,0.11725,0.11461,0.11177,0.10862,0.10503,0.10093,0.096344,0.091369,0.086152,0.080857,0.075667,0.070729,0.06615,0.061989,0.058272,0.054973,0.05203,0.049376,0.046952,0.044707,0.042614,0.040657,0.038833,0.037128,0.035544,0.034091,0.032784,0.03165,0.03071,0.029977,0.029452,0.029123
91.8,-0.001741,-0.0012751,-0.00063829,0.00019978,0.0012739,0.0026287,0.0043237,0.0064285,0.0090001,0.012191,0.016173,0.021132,0.027339,0.035152,0.045021,0.057392,0.072658,0.091068,0.11241,0.13599,0.16068,0.18495,0.20712,0.22544,0.23843,0.24511,0.24526,0.23967,0.23015,0.21922,0.20961,0.20351,0.20216,0.20568,0.2134,0.22431,0.23752,0.25265,0.2699,0.29018,0.31476,0.3447,0.3802,0.41979,0.45995,0.49561,0.5212,0.53256,0.52811,0.50938,0.48047,0.44667,0.41289,0.38234,0.35614,0.33378,0.31377,0.29462,0.27526,0.25536,0.23518,0.2152,0.19595,0.17781,0.16099,0.14553,0.13135,0.11839,0.10662,0.096064,0.086759,0.078712,0.071902,0.066213,0.061467,0.057432,0.053872,0.05056,0.047326,0.044096,0.04086,0.037667,0.034576,0.031628,0.028843,0.026239,0.02384,0.021684,0.019813,0.018273,0.01709,0.016263,0.015768,0.015554,0.015546,0.015671,0.015852,0.016033,0.016185,0.016294,0.016354,0.016365,0.016333,0.016265,0.016178,0.016103,0.016079,0.016143,0.016328,0.016657,0.017142,0.017781,0.018566,0.019492,0.020565,0.021805,0.023252,0.024961,0.026988,0.029409,0.032391,0.036146,0.041054,0.047674,0.056731,0.068872,0.084597,0.10401,0.12659,0.1511,0.17597,0.19967,0.22117,0.24028,0.25783,0.27514,0.29348,0.31335,0.33435,0.35531,0.37471,0.39133,0.40455,0.41432,0.42084,0.42412,0.42391,0.41988,0.4121,0.4013,0.38902,0.3771,0.36695,0.35888,0.35203,0.34475,0.33538,0.32302,0.308,0.29167,0.27588,0.26239,0.25234,0.24596,0.2427,0.24144,0.24081,0.2396,0.23695,0.2326,0.22668,0.21959,0.21174,0.20342,0.19472,0.18576,0.17672,0.16798,0.16001,0.15326,0.14796,0.14409,0.14138,0.13939,0.13769,0.13593,0.13392,0.13161,0.12905,0.12632,0.12352,0.1207,0.11788,0.11506,0.1122,0.10924,0.10608,0.10266,0.098894,0.09477,0.090313,0.085606,0.080759,0.075888,0.071123,0.066584,0.06236,0.058502,0.055037,0.051947,0.049183,0.04669,0.04442,0.042335,0.04041,0.038621,0.036955,0.035391,0.033921,0.032547,0.031283,0.030156,0.02919,0.028398,0.027787,0.027355
87,-0.0014102,-0.0010815,-0.00061008,2.8631e-005,0.00085912,0.0019147,0.003239,0.004877,0.0068626,0.0092962,0.012297,0.016001,0.020604,0.026374,0.03365,0.042781,0.054085,0.067818,0.083938,0.10211,0.12173,0.14189,0.16152,0.17931,0.19395,0.20429,0.20966,0.21024,0.2072,0.20248,0.19845,0.19711,0.19976,0.20663,0.21724,0.23077,0.24641,0.26384,0.28338,0.30611,0.33367,0.36747,0.40796,0.45348,0.49989,0.54111,0.57068,0.5839,0.57941,0.5595,0.5293,0.49493,0.4617,0.43267,0.40856,0.38826,0.36984,0.35147,0.33193,0.31089,0.28864,0.26582,0.24309,0.22102,0.20001,0.1803,0.16201,0.14527,0.13021,0.11694,0.10551,0.095877,0.087906,0.081333,0.075847,0.071112,0.066839,0.062799,0.058846,0.054933,0.051075,0.047314,0.043693,0.040232,0.036936,0.033817,0.0309,0.028248,0.025914,0.023949,0.022379,0.021198,0.020369,0.019829,0.019499,0.019305,0.019178,0.019068,0.018958,0.018838,0.018701,0.01854,0.018353,0.018146,0.017937,0.01775,0.017622,0.017579,0.017634,0.0178,0.018089,0.018504,0.019046,0.019721,0.020537,0.021506,0.022658,0.024046,0.025724,0.027777,0.03038,0.033767,0.038347,0.044725,0.053682,0.065921,0.081969,0.10191,0.12516,0.15042,0.17602,0.20046,0.22278,0.24297,0.26196,0.28115,0.30171,0.32395,0.34728,0.37036,0.39167,0.41011,0.42516,0.43685,0.44527,0.45016,0.45094,0.44706,0.43854,0.42637,0.4125,0.39928,0.38849,0.38056,0.37449,0.36828,0.35981,0.3479,0.33274,0.31582,0.2992,0.28489,0.27418,0.26733,0.26367,0.26194,0.26069,0.25866,0.25511,0.24988,0.24322,0.23556,0.22727,0.21851,0.20927,0.19961,0.18973,0.18007,0.17121,0.16366,0.1577,0.1533,0.15013,0.14769,0.14548,0.14311,0.14038,0.13724,0.13381,0.13029,0.12685,0.12365,0.12076,0.11815,0.11572,0.11332,0.11075,0.10784,0.10447,0.10057,0.096201,0.091464,0.086516,0.081514,0.076621,0.071966,0.067642,0.063691,0.060133,0.056943,0.054068,0.051449,0.049029,0.046765,0.044629,0.042599,0.040665,0.038817,0.037051,0.035372,0.033796,0.032354,0.031077,0.029994,0.029121,0.028463
89,-0.0038799,-0.0035395,-0.0030391,-0.0023566,-0.0014673,-0.00032818,0.0011077,0.0028825,0.0050173,0.0076016,0.010749,0.014602,0.01939,0.025423,0.033083,0.04273,0.054676,0.069142,0.086026,0.10491,0.12506,0.14547,0.16494,0.18211,0.1957,0.20472,0.20874,0.20822,0.20452,0.19968,0.19598,0.19527,0.19859,0.20601,0.21694,0.23053,0.24606,0.26329,0.2826,0.30508,0.33217,0.36502,0.40372,0.44645,0.48922,0.52651,0.55267,0.56386,0.55914,0.54079,0.51342,0.48238,0.45223,0.42557,0.40297,0.38343,0.36523,0.34674,0.32695,0.30558,0.28304,0.26004,0.23735,0.21555,0.19508,0.1761,0.15866,0.14273,0.12833,0.11552,0.10432,0.094681,0.086538,0.079695,0.07392,0.068951,0.064553,0.060508,0.056645,0.052878,0.049183,0.045576,0.042097,0.038773,0.035615,0.032639,0.029875,0.027376,0.025184,0.023342,0.021873,0.020763,0.019972,0.019437,0.019083,0.018835,0.018628,0.018428,0.018227,0.018034,0.017856,0.017693,0.017539,0.017391,0.017253,0.017147,0.017105,0.017157,0.017322,0.017615,0.018053,0.018646,0.019399,0.020329,0.021443,0.022749,0.024273,0.02606,0.028162,0.030668,0.033771,0.037716,0.04293,0.05003,0.059783,0.072839,0.089633,0.11015,0.13373,0.15902,0.18443,0.20856,0.23061,0.25062,0.26957,0.28879,0.30935,0.33153,0.35469,0.37761,0.39891,0.41765,0.43351,0.44665,0.45735,0.46571,0.47171,0.47557,0.47809,0.48075,0.4852,0.49231,0.50131,0.50968,0.51386,0.51056,0.49825,0.47785,0.45229,0.42538,0.40045,0.37967,0.36368,0.35192,0.34321,0.33624,0.3298,0.32298,0.31532,0.30681,0.2977,0.28836,0.27909,0.27,0.26103,0.25218,0.24352,0.23535,0.22806,0.22204,0.21746,0.21424,0.21204,0.2104,0.20886,0.2071,0.20497,0.20248,0.19976,0.197,0.19435,0.19191,0.18972,0.18774,0.18584,0.1839,0.18176,0.17932,0.17649,0.17323,0.16959,0.16564,0.16154,0.15741,0.15342,0.14967,0.14625,0.14319,0.14049,0.13814,0.13608,0.13425,0.13262,0.13113,0.12976,0.12847,0.12724,0.12605,0.12485,0.12364,0.12242,0.12124,0.12013,0.11915,0.11835,0.11778
92.4,-0.0044693,-0.0040828,-0.0035466,-0.0028335,-0.0019128,-0.00074202,0.00072229,0.0025238,0.0046948,0.0073467,0.010611,0.014648,0.019696,0.026076,0.034178,0.044388,0.057042,0.072372,0.090246,0.11017,0.1313,0.15247,0.17236,0.18948,0.20253,0.21056,0.21328,0.21132,0.20621,0.20017,0.19558,0.19431,0.19741,0.20488,0.21605,0.23,0.24592,0.26355,0.2832,0.30584,0.33279,0.36498,0.40234,0.44298,0.483,0.51713,0.54006,0.54823,0.54092,0.52046,0.49137,0.45891,0.4276,0.40004,0.37682,0.35706,0.3391,0.32138,0.30287,0.28331,0.26298,0.24245,0.22233,0.20307,0.18495,0.1681,0.1525,0.13813,0.125,0.11316,0.10267,0.093536,0.085729,0.079124,0.073531,0.068722,0.064479,0.060595,0.056901,0.053313,0.049798,0.046367,0.043052,0.039878,0.036853,0.033997,0.031329,0.028894,0.026731,0.024884,0.023376,0.022199,0.021327,0.020711,0.020288,0.019999,0.019789,0.01962,0.019471,0.019334,0.019205,0.019078,0.018954,0.018836,0.018737,0.018683,0.018711,0.018855,0.019138,0.019581,0.020197,0.020988,0.021952,0.023098,0.024432,0.02597,0.027747,0.029827,0.032278,0.035209,0.038851,0.043475,0.049549,0.05771,0.068715,0.083161,0.10139,0.12327,0.14801,0.17417,0.20014,0.22452,0.2466,0.26652,0.2853,0.30431,0.32458,0.34632,0.36886,0.39095,0.41126,0.42895,0.44381,0.45614,0.46636,0.4747,0.48127,0.48634,0.49078,0.49604,0.50368,0.51442,0.52726,0.53943,0.5471,0.54676,0.53681,0.51819,0.49398,0.46818,0.44426,0.42448,0.40946,0.39863,0.3908,0.38464,0.37896,0.37288,0.36594,0.35812,0.34968,0.34107,0.33264,0.32461,0.31699,0.30979,0.30309,0.29708,0.29209,0.28837,0.28603,0.2849,0.28461,0.28469,0.28471,0.28436,0.28357,0.28239,0.281,0.27958,0.27828,0.27716,0.2762,0.27533,0.27447,0.2735,0.2723,0.27077,0.26881,0.26639,0.2635,0.26024,0.25673,0.25312,0.24957,0.24622,0.24318,0.2405,0.23818,0.23619,0.23448,0.233,0.23173,0.23063,0.22969,0.22889,0.22819,0.22758,0.227,0.22646,0.22597,0.22554,0.22523,0.22509,0.22514,0.22543
88.6,0.001537,0.0018477,0.002295,0.0029058,0.0037118,0.0047558,0.0060798,0.007724,0.0097136,0.012137,0.015101,0.018738,0.023251,0.028921,0.036099,0.045138,0.056363,0.070034,0.08613,0.10434,0.12406,0.1444,0.16426,0.18229,0.19715,0.20767,0.2132,0.21397,0.21116,0.20676,0.2031,0.20216,0.2052,0.2124,0.22323,0.23683,0.25237,0.26951,0.28856,0.31058,0.33714,0.36965,0.40852,0.45225,0.49693,0.53683,0.56576,0.57914,0.57541,0.55649,0.52702,0.49275,0.45882,0.42842,0.4025,0.38032,0.36022,0.34058,0.32029,0.29899,0.27695,0.25468,0.23278,0.21172,0.19184,0.1733,0.15618,0.14053,0.1264,0.11389,0.10302,0.093757,0.086006,0.079535,0.074079,0.069348,0.065092,0.061102,0.057237,0.053449,0.049733,0.046113,0.042626,0.03929,0.036109,0.033099,0.030282,0.027713,0.025445,0.023534,0.022015,0.020887,0.020118,0.019642,0.019373,0.019228,0.019133,0.019042,0.01894,0.018823,0.018694,0.018553,0.018399,0.018236,0.018074,0.017938,0.017862,0.017874,0.018,0.018257,0.01866,0.01921,0.019903,0.020739,0.021716,0.022837,0.024126,0.025623,0.027378,0.029483,0.032135,0.035596,0.040306,0.046886,0.056114,0.068659,0.085013,0.10524,0.12876,0.1543,0.18024,0.20507,0.22783,0.24839,0.26762,0.28683,0.30718,0.32906,0.35193,0.37455,0.39546,0.41354,0.42825,0.43956,0.44755,0.45203,0.45248,0.44844,0.43998,0.42806,0.41453,0.4016,0.39094,0.38298,0.37675,0.37033,0.36171,0.34974,0.33461,0.31772,0.30106,0.28658,0.27555,0.26829,0.26422,0.2622,0.26081,0.2588,0.25538,0.25028,0.24368,0.236,0.22764,0.21881,0.20961,0.20013,0.19057,0.18131,0.17289,0.16574,0.16009,0.15589,0.15284,0.15045,0.14827,0.14593,0.14326,0.14024,0.13697,0.13363,0.1304,0.12738,0.12464,0.12213,0.11978,0.11741,0.11484,0.11191,0.10848,0.1045,0.099991,0.095086,0.089949,0.084743,0.079647,0.074803,0.070312,0.066219,0.062545,0.059273,0.056347,0.053696,0.051263,0.048992,0.046841,0.044791,0.042845,0.041002,0.039271,0.037662,0.036194,0.034884,0.033752,0.032816,0.032084,0.03155
88.8,-0.00081778,-0.00045066,6.2463e-005,0.00074953,0.001639,0.0027725,0.0041896,0.0059301,0.0080151,0.010536,0.013607,0.017361,0.022005,0.027824,0.035175,0.044418,0.055876,0.069806,0.086174,0.10464,0.12459,0.14508,0.16502,0.18304,0.19781,0.20817,0.21351,0.21406,0.21104,0.20646,0.20265,0.20163,0.20462,0.21181,0.22265,0.23628,0.25186,0.26905,0.28816,0.31024,0.33688,0.36949,0.40851,0.45239,0.49719,0.53715,0.566,0.57915,0.57504,0.55569,0.52582,0.49126,0.45721,0.42683,0.40106,0.37907,0.35916,0.33966,0.31942,0.29812,0.276,0.25365,0.23166,0.21055,0.19065,0.17213,0.15506,0.13947,0.12541,0.11298,0.10218,0.092998,0.085317,0.078915,0.07352,0.068845,0.064644,0.060713,0.056909,0.053185,0.049531,0.045969,0.042529,0.039229,0.036076,0.033082,0.030278,0.027719,0.02546,0.023554,0.022038,0.020919,0.020166,0.019712,0.019473,0.019357,0.019289,0.019216,0.019124,0.019016,0.018896,0.018767,0.018632,0.018494,0.018359,0.018248,0.01819,0.018212,0.018339,0.01859,0.018984,0.019523,0.020206,0.021031,0.021998,0.023108,0.024386,0.025877,0.027635,0.029751,0.032426,0.035919,0.040667,0.047292,0.056577,0.069193,0.085628,0.10594,0.12954,0.15511,0.18106,0.20587,0.22859,0.24913,0.26837,0.28764,0.30807,0.33001,0.3529,0.37547,0.39627,0.41422,0.42883,0.44007,0.44803,0.45249,0.45294,0.44888,0.44037,0.42837,0.41473,0.40167,0.39086,0.38272,0.3763,0.36968,0.36087,0.34875,0.33353,0.31663,0.30006,0.28576,0.27498,0.26799,0.26419,0.26238,0.26114,0.25922,0.25583,0.25072,0.2441,0.23639,0.22799,0.21914,0.20992,0.20042,0.19083,0.18155,0.17309,0.16591,0.16023,0.156,0.1529,0.15048,0.14825,0.14588,0.14318,0.14013,0.13685,0.13351,0.13028,0.12727,0.12451,0.12197,0.11957,0.11714,0.11451,0.11154,0.10808,0.10411,0.099636,0.094786,0.089713,0.084583,0.079564,0.074795,0.070371,0.066334,0.062702,0.059451,0.056531,0.053877,0.051439,0.049168,0.047031,0.04501,0.043097,0.041286,0.039579,0.037985,0.036522,0.035212,0.034079,0.033139,0.032396,0.031845
91.2,-0.0019827,-0.0015751,-0.0010175,-0.00027478,0.00069399,0.0019363,0.0034989,0.0054213,0.007728,0.01052,0.013926,0.018097,0.023273,0.029779,0.038016,0.04838,0.061222,0.076796,0.094998,0.11535,0.13705,0.15892,0.17965,0.19771,0.21172,0.22059,0.22385,0.22197,0.2164,0.20938,0.20342,0.20059,0.20215,0.20823,0.21822,0.23115,0.24612,0.26273,0.28119,0.30247,0.32801,0.35911,0.39621,0.43795,0.48067,0.5189,0.54655,0.55896,0.5543,0.53423,0.50328,0.46729,0.43164,0.39981,0.37296,0.35039,0.33039,0.31124,0.29172,0.27144,0.25064,0.22984,0.20961,0.19039,0.17245,0.15586,0.14063,0.1267,0.11409,0.10284,0.092951,0.084408,0.077149,0.071006,0.065785,0.061258,0.057224,0.053488,0.049897,0.046384,0.042925,0.039539,0.036267,0.033138,0.03017,0.027379,0.02479,0.022449,0.020405,0.018709,0.017389,0.016442,0.015833,0.0155,0.015355,0.015318,0.015317,0.015311,0.015287,0.015247,0.015199,0.015145,0.015082,0.015008,0.01493,0.01487,0.014857,0.014927,0.015105,0.015412,0.015865,0.01647,0.01723,0.018147,0.019225,0.020465,0.02189,0.02354,0.025463,0.02776,0.030644,0.034391,0.039456,0.046474,0.056228,0.069372,0.086367,0.10723,0.13132,0.15731,0.18356,0.20854,0.23129,0.25172,0.27069,0.2895,0.30927,0.33039,0.35236,0.37398,0.39386,0.41096,0.4248,0.43535,0.44273,0.44672,0.44684,0.44258,0.43397,0.42188,0.40802,0.39451,0.383,0.37394,0.36651,0.35897,0.34951,0.33708,0.32191,0.30531,0.28918,0.27537,0.26507,0.25857,0.25532,0.25416,0.25365,0.25248,0.24975,0.24513,0.23876,0.23107,0.22254,0.21353,0.20422,0.1948,0.18547,0.17662,0.16868,0.16202,0.15683,0.153,0.15021,0.14798,0.14588,0.14358,0.14097,0.13804,0.13491,0.13173,0.12864,0.12571,0.12294,0.12033,0.1178,0.11522,0.11244,0.10934,0.10578,0.10171,0.097138,0.092178,0.086988,0.081734,0.076598,0.071725,0.067216,0.063113,0.059435,0.056154,0.053218,0.050566,0.048149,0.045922,0.043851,0.041908,0.040081,0.038354,0.036726,0.035206,0.033823,0.032606,0.03158,0.030759,0.030147,0.02973
91.8,-0.0016016,-0.0011583,-0.00056356,0.00021848,0.0012261,0.0025086,0.0041197,0.006102,0.0084849,0.011371,0.014887,0.019189,0.02452,0.031216,0.03969,0.050354,0.063571,0.079589,0.098285,0.11916,0.14134,0.16363,0.18465,0.20286,0.21686,0.22558,0.2286,0.22644,0.22061,0.2134,0.20733,0.2045,0.20612,0.2123,0.22234,0.23525,0.25009,0.26645,0.28458,0.30545,0.33052,0.36105,0.39744,0.43831,0.48007,0.51736,0.54427,0.55628,0.5516,0.5318,0.50118,0.46532,0.42942,0.39688,0.36896,0.34515,0.32395,0.30383,0.2837,0.26317,0.24246,0.22201,0.20233,0.18376,0.16654,0.15071,0.13621,0.12299,0.11101,0.10029,0.090865,0.082703,0.075767,0.069913,0.064955,0.060672,0.056864,0.053331,0.049921,0.046572,0.043269,0.040037,0.036915,0.033934,0.031107,0.028443,0.025969,0.023731,0.021777,0.020156,0.018898,0.018002,0.017434,0.017136,0.017029,0.017035,0.017081,0.017122,0.017143,0.01714,0.017119,0.01708,0.017024,0.016951,0.016871,0.016813,0.016812,0.0169,0.017107,0.017452,0.01795,0.018594,0.019383,0.020315,0.021389,0.022614,0.024024,0.02567,0.027604,0.029917,0.03281,0.036544,0.041561,0.048494,0.058128,0.071129,0.087961,0.10865,0.1326,0.15847,0.18465,0.2096,0.23234,0.25274,0.27161,0.29024,0.30976,0.33058,0.35224,0.37356,0.39315,0.40991,0.42332,0.43337,0.44022,0.44376,0.44361,0.43935,0.431,0.41935,0.40601,0.39294,0.38168,0.37263,0.36498,0.35708,0.34723,0.33448,0.3191,0.3024,0.28622,0.27233,0.26193,0.25528,0.25187,0.25056,0.24996,0.24877,0.24608,0.24153,0.23524,0.22762,0.21915,0.21017,0.20089,0.19151,0.18222,0.17341,0.16551,0.15891,0.15377,0.15,0.14727,0.14512,0.1431,0.14091,0.13841,0.1356,0.13258,0.12949,0.12646,0.12355,0.12077,0.11812,0.11551,0.11283,0.10994,0.10673,0.10308,0.098957,0.094377,0.089446,0.084311,0.079125,0.074053,0.069232,0.064758,0.060681,0.057014,0.053737,0.050801,0.048146,0.045724,0.043496,0.041436,0.039519,0.037731,0.036059,0.034502,0.033067,0.031774,0.030653,0.029722,0.028985,0.02844,0.028073
89,-0.0019282,-0.0016082,-0.0011418,-0.00051407,0.00029262,0.0013125,0.0025958,0.0042059,0.006208,0.0087359,0.011935,0.015954,0.020988,0.027296,0.035218,0.04512,0.057357,0.072229,0.089721,0.10948,0.13081,0.15265,0.17373,0.19254,0.20759,0.21762,0.22194,0.22081,0.21553,0.2083,0.20171,0.198,0.19862,0.2039,0.21334,0.22606,0.24118,0.2583,0.27767,0.30029,0.32769,0.36117,0.40105,0.44564,0.4908,0.53055,0.55855,0.5702,0.56414,0.54265,0.51082,0.47476,0.43982,0.40921,0.38377,0.36255,0.34374,0.32557,0.30684,0.28714,0.26665,0.24581,0.22513,0.20499,0.18571,0.16745,0.15036,0.13458,0.12027,0.10764,0.096775,0.087692,0.080291,0.074303,0.069391,0.065179,0.061353,0.057665,0.05397,0.050251,0.046547,0.04292,0.039427,0.036094,0.032919,0.029912,0.027102,0.024554,0.022324,0.020462,0.018997,0.017923,0.017205,0.016787,0.016597,0.016565,0.016616,0.016695,0.016768,0.016815,0.016819,0.016765,0.016651,0.016489,0.016299,0.016119,0.015996,0.01597,0.016065,0.016292,0.016661,0.017163,0.017785,0.018522,0.019388,0.02041,0.02164,0.023144,0.02498,0.02722,0.030022,0.033605,0.03837,0.044925,0.054065,0.066503,0.08278,0.10299,0.12657,0.15216,0.17808,0.20272,0.22506,0.24503,0.26357,0.28216,0.30206,0.32372,0.34654,0.36915,0.38993,0.40768,0.42188,0.43258,0.44002,0.44409,0.44433,0.44023,0.43177,0.41981,0.40614,0.39296,0.38195,0.37357,0.36689,0.36003,0.35103,0.33878,0.32348,0.30655,0.29,0.2758,0.2652,0.25847,0.25499,0.25352,0.25261,0.25099,0.24789,0.24311,0.23687,0.22959,0.22163,0.21316,0.20418,0.19475,0.18506,0.17552,0.16675,0.15927,0.15341,0.14918,0.14628,0.14424,0.1425,0.14064,0.13841,0.13571,0.13262,0.1293,0.12594,0.12271,0.11969,0.1169,0.11428,0.11167,0.10891,0.10585,0.10236,0.098387,0.093959,0.08918,0.084187,0.079122,0.074148,0.069395,0.064965,0.060912,0.057263,0.054005,0.051088,0.04845,0.046037,0.043801,0.041701,0.039714,0.037833,0.03605,0.034369,0.032801,0.031369,0.030093,0.028988,0.028064,0.027319,0.026746
91.4,-0.0018353,-0.0014577,-0.00093005,-0.00021984,0.00070978,0.0018994,0.0033892,0.0052133,0.0073874,0.010002,0.013165,0.017011,0.021756,0.027701,0.035224,0.044703,0.056478,0.070808,0.087634,0.10659,0.12701,0.14792,0.16816,0.18632,0.20101,0.21106,0.21585,0.21566,0.21179,0.20635,0.2018,0.20021,0.20287,0.20996,0.2209,0.23474,0.25059,0.26801,0.28724,0.30928,0.33567,0.36781,0.40622,0.44952,0.49389,0.53352,0.562,0.57443,0.56895,0.54741,0.51468,0.47701,0.44006,0.40743,0.38023,0.35765,0.3378,0.31882,0.29943,0.2792,0.25838,0.2375,0.21715,0.19774,0.17954,0.16264,0.14704,0.13275,0.11979,0.10823,0.098086,0.089331,0.081884,0.075569,0.070177,0.06548,0.06128,0.057392,0.053673,0.050057,0.046514,0.043048,0.039684,0.036444,0.033339,0.030391,0.027635,0.025132,0.022938,0.021109,0.019678,0.018642,0.017961,0.017564,0.017357,0.01726,0.017201,0.017137,0.017057,0.016964,0.016869,0.016771,0.016672,0.016574,0.016483,0.016417,0.016401,0.016461,0.016621,0.0169,0.017315,0.017873,0.018577,0.019429,0.020427,0.021575,0.022901,0.02445,0.02628,0.028501,0.031339,0.035085,0.040228,0.047444,0.057548,0.071203,0.088845,0.11043,0.13526,0.16191,0.18872,0.21419,0.23741,0.25833,0.27784,0.29724,0.3176,0.33925,0.36162,0.38354,0.40364,0.42094,0.43499,0.44581,0.45344,0.45759,0.45768,0.45317,0.44407,0.43128,0.41665,0.4024,0.39025,0.3807,0.37293,0.36516,0.35551,0.34288,0.32745,0.31057,0.29412,0.28,0.26944,0.26276,0.25938,0.25812,0.25752,0.25627,0.25344,0.2487,0.24221,0.23438,0.2257,0.21653,0.20705,0.19745,0.18796,0.17898,0.17095,0.16423,0.159,0.15511,0.15223,0.14988,0.14761,0.14513,0.14232,0.1392,0.13589,0.13257,0.12939,0.12644,0.12374,0.12126,0.11891,0.11653,0.11393,0.11096,0.10745,0.10334,0.098656,0.093515,0.088097,0.082596,0.077221,0.07214,0.067471,0.063264,0.059518,0.056186,0.053194,0.050463,0.047934,0.045572,0.043361,0.041291,0.039361,0.037563,0.035897,0.034363,0.032972,0.031753,0.030729,0.029912,0.029301,0.028887
88.6,-0.0010111,-0.00058962,-1.1423e-005,0.0007597,0.0017601,0.0030378,0.0046402,0.0066052,0.0089511,0.011773,0.015199,0.019378,0.024561,0.031096,0.039405,0.04989,0.062886,0.078605,0.096872,0.11715,0.13857,0.15998,0.18008,0.19743,0.21076,0.21908,0.22203,0.22017,0.21495,0.20854,0.20332,0.20121,0.2033,0.20962,0.21952,0.23212,0.24661,0.26275,0.28089,0.3021,0.3279,0.35954,0.39729,0.43959,0.48264,0.52096,0.5487,0.56161,0.5583,0.54063,0.51301,0.48088,0.44906,0.42049,0.39601,0.37486,0.35542,0.3361,0.31586,0.29441,0.27207,0.24948,0.22732,0.20613,0.18628,0.16794,0.15115,0.1359,0.12218,0.11003,0.099455,0.090405,0.082787,0.076398,0.071001,0.066333,0.062161,0.058281,0.054544,0.05089,0.047307,0.043816,0.040457,0.037254,0.034214,0.031347,0.028679,0.026266,0.024158,0.022405,0.021034,0.020035,0.019361,0.018944,0.018703,0.018568,0.018478,0.018397,0.018312,0.018214,0.018102,0.017969,0.017815,0.017646,0.017481,0.017351,0.017291,0.017331,0.017495,0.017796,0.018245,0.018848,0.019602,0.020508,0.021564,0.02277,0.024139,0.025706,0.027518,0.029662,0.03232,0.035739,0.04033,0.04668,0.055541,0.067574,0.08327,0.1027,0.12531,0.14985,0.17477,0.19861,0.22047,0.24025,0.25882,0.27744,0.29724,0.31857,0.3409,0.36305,0.38356,0.40135,0.41587,0.42707,0.43503,0.43951,0.44005,0.43622,0.4281,0.41666,0.40372,0.39142,0.38133,0.37377,0.36775,0.36138,0.35278,0.34092,0.32606,0.30964,0.29358,0.27976,0.26939,0.2627,0.2591,0.25741,0.25625,0.25438,0.25102,0.24595,0.23939,0.23174,0.22342,0.21466,0.20554,0.19616,0.1867,0.17755,0.16921,0.16212,0.15653,0.15237,0.14936,0.14704,0.14492,0.14268,0.14012,0.13721,0.13405,0.13079,0.12757,0.1245,0.12162,0.11893,0.11635,0.11374,0.11096,0.10788,0.1044,0.10047,0.096137,0.091499,0.086698,0.081868,0.077146,0.072641,0.068433,0.064558,0.061046,0.057892,0.055056,0.052483,0.050125,0.047936,0.045878,0.043923,0.042062,0.040285,0.038595,0.036999,0.035517,0.034177,0.033002,0.032011,0.031218,0.030632
91.4,-0.00088324,-0.00038416,0.00028362,0.0011654,0.0023117,0.0037772,0.0056169,0.0078803,0.010601,0.013901,0.017936,0.022895,0.029084,0.036915,0.04689,0.059481,0.075066,0.093836,0.11547,0.13916,0.16367,0.18743,0.20877,0.22602,0.23787,0.24353,0.24295,0.23709,0.22781,0.2176,0.20907,0.20419,0.20402,0.2085,0.21682,0.22794,0.24097,0.2556,0.27213,0.29155,0.31523,0.34432,0.37903,0.41793,0.45754,0.49284,0.51841,0.53018,0.52661,0.50918,0.48178,0.44943,0.41674,0.38677,0.36064,0.33796,0.31744,0.29777,0.27801,0.25788,0.23758,0.21754,0.19821,0.17992,0.16288,0.14714,0.13267,0.11945,0.10746,0.096773,0.087397,0.079337,0.072552,0.066891,0.062152,0.058082,0.054448,0.051032,0.047688,0.044362,0.04106,0.03783,0.034725,0.031779,0.029005,0.026418,0.024043,0.021924,0.020099,0.018608,0.017471,0.016681,0.016207,0.015992,0.015963,0.016045,0.016167,0.016285,0.016377,0.016435,0.016456,0.01643,0.016356,0.016242,0.016112,0.016011,0.015989,0.016089,0.016336,0.01674,0.017303,0.018024,0.018893,0.019911,0.021079,0.022403,0.023907,0.025629,0.027619,0.029954,0.032802,0.036383,0.041074,0.047435,0.05619,0.067983,0.083323,0.10232,0.12447,0.14859,0.17313,0.19661,0.21803,0.23719,0.25487,0.27235,0.29079,0.31067,0.3316,0.35241,0.37164,0.38812,0.40127,0.41108,0.41774,0.42123,0.4213,0.4176,0.41015,0.39971,0.38776,0.37615,0.36624,0.35835,0.35163,0.34448,0.33527,0.32315,0.30844,0.29245,0.27694,0.26362,0.2536,0.24712,0.24368,0.24222,0.24143,0.24007,0.23734,0.23293,0.22698,0.21985,0.21195,0.20357,0.19479,0.18575,0.17663,0.16783,0.15983,0.15308,0.14783,0.14402,0.14136,0.1394,0.13766,0.13582,0.13366,0.13117,0.12841,0.1255,0.12255,0.11963,0.11679,0.11401,0.11126,0.10843,0.10543,0.10215,0.09852,0.094506,0.090139,0.085511,0.080741,0.075951,0.071274,0.066817,0.062661,0.058843,0.055382,0.052266,0.049455,0.0469,0.044564,0.042415,0.040426,0.038571,0.036837,0.035206,0.033669,0.032232,0.030914,0.029749,0.028758,0.027957,0.027346,0.026917
87.1,-0.0014605,-0.0010678,-0.00053255,0.00017758,0.001102,0.002284,0.0037536,0.0055336,0.0076241,0.010088,0.013018,0.016538,0.020861,0.026273,0.033132,0.041789,0.052557,0.065682,0.081139,0.098643,0.11765,0.13734,0.15669,0.17442,0.18927,0.20012,0.20635,0.20818,0.20673,0.20385,0.20171,0.20212,0.20621,0.2141,0.22527,0.23894,0.25439,0.27142,0.29046,0.31263,0.33954,0.37252,0.41191,0.45611,0.50117,0.54143,0.57087,0.58509,0.58268,0.56558,0.53831,0.5064,0.47471,0.44622,0.42175,0.40051,0.38085,0.36117,0.34039,0.31821,0.29496,0.27128,0.24787,0.22532,0.20405,0.18429,0.16612,0.14958,0.13471,0.12155,0.1101,0.10029,0.09202,0.085058,0.079155,0.074039,0.069475,0.065257,0.061238,0.057347,0.053562,0.049886,0.046342,0.042946,0.0397,0.036621,0.033745,0.031133,0.028835,0.026904,0.025368,0.024217,0.023406,0.022863,0.022501,0.02224,0.022012,0.021784,0.02155,0.021317,0.021089,0.020866,0.020646,0.020431,0.020229,0.020062,0.019961,0.019949,0.020048,0.020278,0.02066,0.021202,0.021905,0.022763,0.023764,0.024893,0.026153,0.027575,0.029212,0.03116,0.033626,0.036877,0.041355,0.047672,0.056591,0.068771,0.084682,0.10437,0.12727,0.15214,0.17744,0.20176,0.22419,0.24467,0.264,0.28342,0.30399,0.32606,0.34911,0.37198,0.3933,0.41197,0.42742,0.43951,0.4482,0.45318,0.45392,0.45,0.44158,0.42974,0.41642,0.4039,0.3938,0.38649,0.38093,0.37512,0.36702,0.35547,0.34065,0.32396,0.3074,0.29291,0.28177,0.2743,0.26993,0.26752,0.2657,0.26326,0.25943,0.25398,0.24711,0.23924,0.23074,0.22183,0.21259,0.20308,0.1935,0.18422,0.17573,0.16846,0.16265,0.15823,0.15491,0.15225,0.14978,0.14719,0.14429,0.14108,0.13765,0.13418,0.13083,0.12772,0.12489,0.12233,0.11994,0.11755,0.11496,0.112,0.10854,0.10453,0.10002,0.095146,0.090072,0.084966,0.079988,0.075259,0.07087,0.066858,0.063235,0.059979,0.057044,0.054368,0.051897,0.049584,0.047399,0.045315,0.043325,0.041422,0.039618,0.037924,0.036369,0.034982,0.033785,0.032785,0.031981,0.031363
91.4,-0.0039365,-0.0035269,-0.0029711,-0.002237,-0.0012883,-7.9426e-005,0.0014382,0.0033076,0.0055545,0.0082858,0.011633,0.015745,0.020862,0.027305,0.035473,0.045758,0.058504,0.073953,0.091982,0.1121,0.13348,0.15496,0.17521,0.19275,0.20625,0.2147,0.21775,0.21596,0.21083,0.20456,0.19958,0.19782,0.20039,0.20735,0.21804,0.23154,0.24701,0.26415,0.28326,0.30531,0.33162,0.36324,0.40023,0.4409,0.48151,0.51686,0.54146,0.55145,0.54572,0.52619,0.4972,0.46403,0.43137,0.40213,0.37719,0.35589,0.3367,0.31813,0.29912,0.27935,0.25905,0.23868,0.21879,0.19977,0.1819,0.16527,0.14985,0.13563,0.12261,0.11086,0.10043,0.091334,0.083562,0.076983,0.071412,0.066623,0.062389,0.05851,0.05482,0.051234,0.047722,0.0443,0.041002,0.037852,0.034857,0.032036,0.029409,0.027023,0.024916,0.023131,0.021691,0.020595,0.019813,0.019295,0.018975,0.018786,0.018662,0.018564,0.018471,0.018378,0.018279,0.018172,0.018056,0.017937,0.017832,0.017771,0.017789,0.017917,0.018182,0.018597,0.019174,0.019919,0.020831,0.021912,0.023165,0.024601,0.026252,0.02817,0.030416,0.033095,0.036424,0.040681,0.046325,0.053991,0.06444,0.078286,0.095924,0.11728,0.14167,0.16771,0.19378,0.21844,0.24085,0.26102,0.27989,0.29877,0.31878,0.34025,0.36261,0.3847,0.40515,0.42302,0.43795,0.45012,0.45988,0.46747,0.47301,0.47677,0.47954,0.48265,0.48759,0.49512,0.50445,0.51316,0.51781,0.51523,0.50388,0.48459,0.46013,0.43414,0.40985,0.38941,0.37353,0.36175,0.35302,0.34612,0.33988,0.33338,0.32608,0.31786,0.30892,0.29961,0.29031,0.28122,0.27242,0.26395,0.25591,0.24852,0.24212,0.23698,0.23323,0.23073,0.22916,0.22805,0.22697,0.22562,0.22387,0.22177,0.21944,0.21707,0.21479,0.21267,0.21071,0.20887,0.20708,0.20521,0.20316,0.2008,0.19805,0.19484,0.1912,0.18722,0.18301,0.17872,0.17453,0.17058,0.16696,0.16373,0.16091,0.15847,0.15638,0.15456,0.15298,0.15158,0.15034,0.1492,0.14813,0.1471,0.1461,0.14512,0.14418,0.14331,0.14255,0.14192,0.14147,0.14123
90.3,-0.0043301,-0.0039497,-0.0034282,-0.0027351,-0.0018333,-0.00068332,0.00075411,0.002512,0.0046107,0.0071503,0.010261,0.014098,0.018901,0.024982,0.032719,0.042478,0.054582,0.069262,0.086411,0.1056,0.12607,0.14677,0.16647,0.18378,0.19739,0.20631,0.21012,0.20931,0.20529,0.20014,0.19619,0.19532,0.19861,0.20613,0.21723,0.23106,0.24682,0.26427,0.28376,0.30632,0.33332,0.36584,0.40393,0.44579,0.48752,0.52376,0.54895,0.55926,0.55374,0.53455,0.50618,0.47398,0.44254,0.41462,0.3909,0.37054,0.35192,0.33348,0.31419,0.29375,0.27247,0.25092,0.22974,0.20939,0.19022,0.17235,0.15581,0.14058,0.1267,0.11423,0.10322,0.093675,0.085547,0.078682,0.072874,0.067881,0.06348,0.05946,0.055656,0.051981,0.0484,0.044909,0.04153,0.038275,0.03515,0.032172,0.029372,0.026809,0.024534,0.022597,0.02103,0.01983,0.018964,0.018372,0.017979,0.017711,0.017502,0.017312,0.017126,0.016942,0.016755,0.016562,0.01636,0.016155,0.015963,0.015815,0.015749,0.015801,0.015995,0.016352,0.016883,0.017588,0.018451,0.019464,0.020625,0.021943,0.023457,0.025231,0.027339,0.029888,0.033094,0.037227,0.042742,0.050266,0.060554,0.074216,0.091644,0.11277,0.1369,0.16266,0.18848,0.21295,0.23525,0.25543,0.27443,0.29358,0.31394,0.33583,0.35864,0.38117,0.40207,0.4204,0.43579,0.44844,0.45866,0.46663,0.47244,0.47635,0.4792,0.48239,0.4875,0.49531,0.505,0.51403,0.51882,0.51612,0.50438,0.48452,0.45944,0.43292,0.40829,0.38773,0.3719,0.36028,0.35174,0.34497,0.33879,0.33226,0.32489,0.31662,0.3077,0.2985,0.28936,0.28045,0.27176,0.26333,0.25523,0.24772,0.24116,0.23586,0.23196,0.22935,0.22769,0.22654,0.22544,0.22409,0.22236,0.22025,0.21791,0.21551,0.21321,0.21111,0.20922,0.20751,0.20588,0.2042,0.20235,0.20018,0.19761,0.19459,0.19113,0.18732,0.1833,0.17921,0.17521,0.17145,0.16802,0.16498,0.16234,0.16005,0.15809,0.15637,0.15484,0.15347,0.15224,0.1511,0.15004,0.14902,0.14802,0.14703,0.14604,0.14509,0.14424,0.14351,0.14297,0.14265
91.2,-0.0038209,-0.0034138,-0.0028572,-0.0021239,-0.0011837,4.968e-006,0.0014883,0.0033121,0.0055081,0.0081843,0.011473,0.015531,0.020593,0.026979,0.035078,0.045267,0.057877,0.073137,0.090919,0.11074,0.13178,0.1529,0.1728,0.19003,0.20326,0.21156,0.21458,0.21291,0.20806,0.20221,0.19771,0.19647,0.19951,0.20687,0.21789,0.23163,0.24733,0.2647,0.28409,0.3065,0.33329,0.36547,0.40305,0.4442,0.48503,0.52024,0.54438,0.55377,0.54753,0.52789,0.49933,0.46714,0.43585,0.40812,0.38461,0.36444,0.346,0.32773,0.30861,0.28838,0.26735,0.24611,0.2253,0.2054,0.18673,0.16942,0.15345,0.1388,0.12544,0.11345,0.10286,0.093655,0.085813,0.079188,0.073578,0.068747,0.064471,0.060545,0.056804,0.053166,0.049607,0.046142,0.042804,0.039614,0.036578,0.033711,0.031033,0.028593,0.026432,0.024596,0.023107,0.02196,0.021124,0.020549,0.020165,0.019906,0.019713,0.019552,0.019405,0.019265,0.019134,0.019007,0.018876,0.018742,0.01862,0.018539,0.01853,0.018627,0.018862,0.019254,0.019819,0.020566,0.021493,0.022597,0.023874,0.025326,0.026985,0.028906,0.031162,0.03387,0.037255,0.041586,0.047321,0.055079,0.06561,0.079518,0.097176,0.1185,0.14277,0.16861,0.19441,0.21878,0.24094,0.26096,0.27982,0.29886,0.31916,0.34095,0.36361,0.38589,0.40645,0.4244,0.43945,0.45187,0.46204,0.47015,0.47631,0.48076,0.48434,0.48848,0.49473,0.50385,0.51492,0.52529,0.5313,0.52957,0.51854,0.49912,0.47432,0.44798,0.42351,0.40311,0.38745,0.37598,0.36753,0.36081,0.35462,0.34808,0.34069,0.33244,0.32358,0.3145,0.30552,0.29683,0.28844,0.28035,0.27265,0.26559,0.25953,0.25474,0.25136,0.24924,0.24804,0.2473,0.24656,0.24552,0.24407,0.24225,0.2402,0.23812,0.23615,0.23437,0.23277,0.23131,0.22987,0.22834,0.22659,0.22452,0.22204,0.21913,0.21581,0.21217,0.20834,0.20445,0.20065,0.19706,0.19379,0.19089,0.18835,0.18616,0.18425,0.18259,0.18114,0.17985,0.17871,0.17769,0.17675,0.17587,0.175,0.17414,0.17331,0.17254,0.17187,0.17135,0.17101,0.17089
91,-0.003917,-0.0035149,-0.0029575,-0.0022183,-0.0012683,-6.8876e-005,0.0014275,0.0032672,0.0054801,0.0081771,0.011488,0.015563,0.020638,0.027035,0.035152,0.045371,0.058026,0.073346,0.091196,0.11108,0.13218,0.15336,0.1733,0.19055,0.2038,0.2121,0.21509,0.21336,0.20841,0.20241,0.19774,0.19629,0.19914,0.2063,0.21713,0.23071,0.24626,0.26351,0.28278,0.30509,0.3318,0.36397,0.40163,0.44299,0.48417,0.51981,0.54443,0.55425,0.54837,0.52898,0.50057,0.46845,0.43717,0.40944,0.38589,0.36565,0.34709,0.32865,0.30931,0.28879,0.26743,0.24585,0.22471,0.20451,0.18559,0.16807,0.15194,0.13715,0.1237,0.11165,0.10102,0.091795,0.083949,0.077323,0.071708,0.06686,0.062564,0.058619,0.054867,0.051227,0.047676,0.044226,0.040911,0.037754,0.034762,0.03195,0.029334,0.026957,0.024858,0.02308,0.02165,0.020561,0.019781,0.019257,0.018924,0.018715,0.018569,0.01845,0.018344,0.018245,0.018153,0.018066,0.017982,0.017898,0.017821,0.017777,0.0178,0.017923,0.018177,0.018583,0.019157,0.019905,0.020822,0.02191,0.023169,0.024606,0.026255,0.028171,0.03042,0.033107,0.036441,0.040679,0.046274,0.053844,0.064142,0.077794,0.0952,0.1163,0.1404,0.16611,0.19185,0.21618,0.2383,0.25825,0.27702,0.29596,0.31614,0.33787,0.36051,0.38283,0.40347,0.42151,0.43664,0.44909,0.45921,0.46718,0.47308,0.47715,0.48022,0.48372,0.48919,0.49743,0.50759,0.5171,0.52236,0.52007,0.50865,0.48902,0.46409,0.43768,0.41312,0.39261,0.37678,0.3651,0.35641,0.34945,0.34303,0.33628,0.32871,0.3203,0.31127,0.30199,0.29279,0.28383,0.27511,0.26665,0.25854,0.25104,0.24451,0.23926,0.23543,0.23289,0.23131,0.23022,0.22917,0.22787,0.22617,0.22412,0.22184,0.21953,0.21733,0.21531,0.21348,0.21178,0.21013,0.20841,0.20648,0.20425,0.20162,0.19856,0.1951,0.19133,0.18736,0.18335,0.17944,0.17577,0.17242,0.16944,0.16684,0.16458,0.16262,0.16089,0.15935,0.15798,0.15674,0.15562,0.15459,0.15361,0.15266,0.15171,0.15078,0.1499,0.14911,0.14846,0.148,0.14774
